策划案编号,标题,题材,主线,人设,钩子,投流,主线评估结论,人设评估结论,钩子评估结论,投流评估结论
1,,,"故事起因：共同奋斗的男女主是片场群演，男主被一女演员看重出演第一个重要角色，男主喜出望外，带女主共同赴宴后女伯乐改变主意更换了男主，单纯男主深受打击，但不明所以，但聪明的女主看出女伯乐对男主有意思，换掉男主是因为知道了他有自己这么一个女朋友，于是扮演自己搭上当红男演员，抛弃男主；
主角主要目的：男主想弄清楚当年女主离开自己的真相，想要复合。女主想要隐瞒事实；
经历阻碍事件：
1-女伯乐心满意足捧红男主，多年后，男主成为当红小生，与女主在同一片场相见，女主还是一个群演，辛苦卖力养活一个女孩，两人身份悬殊，但必须合作，女主成为男主主演的戏的小配角，后来被男主提拔为女主角。
2.女伯乐道德绑架，利用权力阻止女主上位，但女主才华不容小觑，用实力证明自己，而非因为男主关系上位。
3.男主以为女主的孩子是女主和男二的孩子，却从各种疑点切入，逐渐发现真相；","男主：底层奋斗的影视学院毕业生，群演男演员，单纯艺术家。
女主：底层群演，但情商很高，演技一流
男二：女主的朋友，一个对女主有意思的男演员，但被女主拒绝
女二：当红女演员，男主的伯乐，优越感爆棚，蔫坏，杀人不见血",男主多年后成为当红男星，剧组在寻找和他长相相似小演员演他女儿的时候找到女主女儿，但男主不知道这是女主女儿，更不知道是自己的女儿,"吸睛事件
素材1：女主攀上男明星男二，将男二送的礼物碾压在豪车之下，扬长而去。
素材2：光芒万丈的男主作为明星看到女主在片场做替身，被践踏欺侮而不作为。女二利用角色一次次让女主挨打，后期女主上位后反过来报复女二也是借演戏完成。
素材3：男主的心戏要寻找以为和男主长得像的小女孩演他女儿，结果找到后男主吃惊地发现是前女友的孩子。",通过,通过,通过,通过
2,,,"故事起因：家庭主妇的表妹在一场策划的车祸中，被错当做长相相似的商业帝国女继承人表姐，被误杀。女继承人表姐以死去表妹的身份，替妹妹展开对渣男丈夫和他情妇的报复，却意外发现该情妇就是自己车祸的幕后黑手，姐姐愤怒，誓要为自己和妹妹一同复仇。
主角主要目的：复仇丈夫和女二，收获男主真爱
经历阻碍事件：
1-被丈夫和女二欺负
2-假扮身份差点被发现
3-和男主的退婚误会","男主：姐姐的退婚对象，时尚集团掌舵人（类似于LVHM集团），老钱，机智毒舌
女主：欧洲贵族旁支（贵族身份可保留可删除），恋爱脑，在死去那一刻终于不愿自欺欺人，承认了多年婚姻生活的悲剧。死去后，由正统贵族出身的表姐接替身份，表姐性格刚强，能装会演，手段狠辣，商业集团女继承人。
男二：新钱，纨绔子弟，一直爱慕女主表姐
女二：男二最爱的出轨的对象，一直挑衅欺负死去的妹妹，实际上姐姐车祸幕后黑手，姐姐父亲在外的私生女，得知姐姐死后，一直试图成为下一任企业接班人",女主可以轻松打开表姐的保险库密码，差点被发现身份,"吸睛事件：
素材1：原女主被丈夫和女二欺负，孩子流产
素材2：后女主回归后打脸丈夫和女二
素材3：后女主回归女继承人身份后，再次打脸二人（女二是车祸主要策划人，渣男丈夫也参与策划了车祸）",不通过,通过,不通过,通过
3,,,"故事起因：富二代男二为了向父亲证明自己会理财，买下了一家卫生纸厂并搞了个营销活动 - 第10000个来免费领纸并使用洗手间的人可以获得豪门体验和巨额奖金。而女主因为吃了赌徒丈夫从赌场顺来的劣质食物而肚子痛，恰好成为了第10000位幸运儿，从而获得了改变命运的机会。一个因为吃垃圾食物而肚子痛的可怜女人，却正因为要上厕所而获得了翻身的契机。
主角主要目的：主角在一开始只是渴望得到丈夫的爱和认可，把自我价值完全寄托在讨好丈夫上，但在意外获得财富和机会后，她逐渐认识到了自己的盲目，最终的目标转变为彻底摆脱对丈夫的依附，实现真正的自我价值，她不仅要在物质上翻身，更重要的是要完成从一个盲目依附他人的娇妻到独立自主女性的心理蜕变。
经历阻碍事件：
1-双面生活暴露,老公的朋友在高档场所撞见她,威胁要告诉老公她在扮演富家女
2-第二个危机是她早期的""厕所获奖""视频被人肉搜出来疯传。网友们嘲笑她：""原来是个靠上厕所发家的暴发户""。她没有回避，而是霸气回应：""没错，我就是从马桶开始翻身的。""随后注册了""逆袭马桶""商标，硬生生把危机变成了个人IP。
3-当她第一次以富家女身份出席慈善晚宴准备演讲时，赌徒老公提着她的破旧衣服闯入，大喊""装什么名媛，不就是个陪我捡垃圾的贱货？""全场目睹她从天堂跌入地狱。但她不再是过去那个逆来顺受的女人，她优雅地脱下高跟鞋，砸碎香槟瓶，用玻璃尖对着老公的脖子：""你再骂一句试试？""不仅没有毁了她的名声，反而让她圈粉无数，当场谈成好几个亿的生意。","女主：从娇妻到大女主
女二：一直追寻记者梦
男一：赌徒老公
男二:富二代
男三:男模",女配即将发现女主和自己老公有染,"吸睛事件：
素材1：做空老公的地下赌场股票
在记者会上现场直播他们赌场洗钱证据。第二天股票暴跌，她坐收渔利
素材2：厕所女王""加冕仪式
女主穿着由卫生纸包装制成的前卫礼服，踩着水晶高跟鞋。正当她准备发表收购赌场演讲时，赌徒老公闯入想闹事。她霸气按下按钮，天花板突然落下数万卷卫生纸，把老公淹没。现场数百名富豪起立鼓掌，老公狼狈地从卫生纸堆里爬出。
素材3：撕开记者的白衬衫。
因为前期是娇妻人设，她老公在街上捡垃圾，她也要在旁边陪着。因为长得漂亮被女二新闻记者发现，女二想来采访并且记录爆款标题“美女homeless”，被女主误认为是想接近她的亲亲老公，于是当街双手撕开了女二的白衬衫，还把她的麦克风塞进了她嘴里。",不通过,通过,不通过,通过
4,,,"故事起因：酒庄主男主车祸失忆后醒来，找不到回家的路，正好遇到了在跳骚市场的调酒师女主，女主对酒略知一二就在那招摇撞骗地卖酒，被男主当场揭穿。看到男主傻里傻气，又无家可归，女主收留男主在他手下当帮工，由于男主从小养尊处优，从未给人打工，经常被女主骂。直性格火爆的女主得罪了当地的恶霸，男主为了保护女主头部被打才想起过去的事，男主为了不离开女主，也为了不暴露身份，暗中查出当初让自己出车祸的公司奸细，男主隐瞒身份，最终，奸细被抓，而女主也逐渐通过男主给自己的各种优待和宠溺发现了他的真实身份。
主角主要目的：男主要查出车祸元凶，保护女主。
经历阻碍事件：
1-调酒师女主正在调制一款名为魔咒的酒，但味道总是不对，这个味道最后在男主的帮助下成功研发，并且分销到世界各地。
2-男主隐瞒身份，又要帮助女主脱困
3-女二提前知道了男主真实身份，想要拆散男女主，自己上位","男主：当地著名酒庄主
女主：性格火爆调酒师
男二：男主公司奸细
女二：女主好朋友",可以卡在男主遇到熟人，即将掉马甲,"吸睛事件：
素材1：漂亮调酒师被一帮粗鲁的醉酒工人动手动脚，调戏侮辱
素材2：调酒师关公面前耍大刀，把男主训一顿，但男主的味觉却秒杀女主，两人因酒结缘
素材3：调酒师发现男主身份后被男主反向驯服，暧昧气氛",通过,通过,通过,不通过
5,,,"故事起因：家境贫穷的女主因被吸毒母亲要钱，险些误入歧途去卖卵，幸得医生男主劝阻。两人发生关系，女主问男主要钱。两人多次在外巧遇后，男主发现女主并不是他想象中的拜金女，而是被吸毒的母亲家暴所逼迫。男主逐渐从对女主的肉体上瘾转变为关注女主的内心世界，最终为女主抵御原生家庭带来的家暴问题，治愈了女主的应激创伤，和女主建立甜蜜的新家。
主角主要目的：赚钱，逃脱吸毒家暴吸血原生家庭，收获男主真爱
经历阻碍事件：
1-和男主的性关系转正
2-原生家庭带来的家暴问题和留下的应激创伤
3-女配的陷害","男主：Specialist（妇科专科医生），实际上是黑手党未来继承人，对外生人勿近，对女主则是大灰狼
女主：家境贫穷的女大学生，制药学，前期小白兔，后期从男主那里学会内心大灰狼
男二：女主实习医药公司老板，女主的前男友
女二：医院院长千金，爱慕男主，陷害女主",女主在酒吧当销售，被男主外甥骚扰，男主霸气相救，放话女主只属于他一个人,"吸睛事件：
素材1：女主在酒吧被男主外甥骚扰，男主相救，拿酒瓶砸外甥头，并将女主拉到走廊，占有欲作祟，向女主放话，她只属于自己
素材2：女主遭受到吸毒母亲的家暴，男主霸气相救，成为多年来第一个站在女主身后为她遮风挡雨的人，女主和妈妈割席
素材3：女配陷害女主，在女主给新药主讲人的咖啡里加了花生碎，导致主讲人过敏送医无法上台演讲，此项目是男主父亲投资的，男主父亲震怒。女主凭借自己专业知识对主讲人手稿的理解，上台演讲，打脸女配。",通过,通过,通过,通过
6,,,"故事起因：女主和女配们是播音员，女配们嫉妒女主的才华，职场霸凌女主，不仅殴打女主，还让女主的声带受损，断送职业生涯。因为女配家族势大，女主人微言轻，求助无门，只能远走他乡，忍辱负重七年，学习了无数技能，精进自己的能力，以女配节目的导演身份回归，对女配们展开报复。
主角主要目的：利用所有可利用资源来复仇
经历阻碍事件：
1-女主游离在两个男主之间，原以为天衣无缝却掉马，双男主见面，一个是女配的丈夫，一个是女配的亲弟弟（女主前男友）
2-女主的帮手被发现，被女配死亡威胁，当着女主的面死了，女主崩溃
3-复仇联盟的人不愿听从女主的话，独自行动","男主：女主的前男友，女配的弟弟（非亲生养子），宠姐，不相信女配会伤害女主，但又喜欢女主，得知真相后，变成正义使者，选择帮助女主
女主：前期播音员，被霸凌到声带受损，断送职业生涯，经过七年的地狱磨炼，以导演的身份回归，利用一切可利用的资源报复伤害自己的人，有谋略，进退自如
男二：女配商业联姻的丈夫，前期被女主的才华吸引
女二：女主的复仇对象，仗着家世无法无天，在女主回归后虽然害怕，但依旧用尽手段试图给女主造成伤害",女主在勾引女配丈夫时即将掉马,"吸睛事件：
素材1：女主在女配直播时，直接插播女配霸凌画面
素材2：女主的复仇联盟的帮手，收到死亡威胁，女主赶到时，对方直接死在女主怀里
素材3：女主霸气反击，暴打凶手，带着凶手找到女配家",通过,不通过,不通过,通过
7,,,"故事主线：律师精英女主Sarah被男主mike的后妈威胁逃去了巴黎，五年后带着女儿Lily回归，面对三位可能是女儿生父的男人 （男主豪门继承人Mike、男二律所合伙人David和男三音乐人Tommy） 争着做女儿的爸爸，女主最后会选择谁？
主角主要目的：
女主：Sarah想保护女儿Lily自由成长，同时寻求对Mike父亲的正义追责。
所有男主：和好 当爹
阻碍事件：
酒吧偶遇三人，Sarah为掩护身份演戏逃脱
幼儿园画展曝光真相，三个男人剑拔弩张
Lily被Mike后妈绑架，三人放下成见共同营救","女主：Sarah Chen (35岁)，哈佛法学院毕业的精英律师，完美主义者却在感情上经历波折。为保护女儿，隐瞒生父身份五年。
男一：Mike Wilson (42岁)，商界新贵，活在后妈阴影下，与Sarah相爱却未能保护她。五年后为弥补过错勇于对抗父亲。
男二：David Stone (45岁)，律所高管，工作狂，暗恋Sarah多年。因前妻大闹导致Sarah被开除深感愧疚，一直暗中调查真相。
男三：Tommy Parker (26岁)，音乐系学生兼职保姆，纯真浪漫。为追求音乐梦想去巴黎，与Sarah有过最后一夜。",sarah约男二来讨论案件，一到餐厅发现男三和男一都在里面。转身想逃但撞到了刚到的男二，三道目光齐齐的向她看去，他们能否发现自己竟都是同一个孩子的父亲？,"吸睛事件：
素材1：律所早高峰，Jessica冲进来泼Sarah咖啡，两人扭打在地。实习生录像，Jessica撕扯Sarah头发抓花她脸，保安被高跟鞋击中。David想冲出来被拦住，Sarah湿透着逃离。
和后妈对峙：
素材2：Mike踹开门。后妈拔枪，枪滑落地上。Mike掐住她脖子怒吼。警方破门而入。
办公室做爱：
素材3：和david讨论离婚案件后两个人都很受伤",不通过,通过,不通过,不通过
8,,,"故事起因：
一场车祸带走了女主的父母，让年幼的妹妹变成植物人，女主为了救妹妹，答应伯父伯母代替死了的堂妹嫁给渣男联姻。订婚夜，女主被伯母下了药，渣男出轨没回来，女主和男主发生关系，之后被男主盯上……女主害怕被渣男发现出轨，联姻失败导致妹妹不能得到治疗，另一边又跟男主斡旋……最终和男主走到一起，惩治了渣男和伯父伯母。
主角主要目的：为了救妹妹，和伯父伯母渣男周旋
经历阻碍事件：
1-女主在家挨打，替嫁死亡的堂姐，被伯母下药
2-男主和女主拉扯，男主告诉男二自己跟女主睡过，要男二跟女主接触婚约，女主害怕
3-女主对男主感情升温时，男主发现女主身份是假的生气","男主：渣男的小叔，爹不疼娘不爱，靠自己成长起来的家族掌权人，喜欢跟所有人对着干，表面对女主不好，实际上深爱女主，想把女主囚禁在身边。
女主：替嫁的假冒千金，性格隐忍，善于伪装，为了救妹妹，什么都愿意做，等待时机报复伤害自己的人
男二：女主的渣男未婚夫，男主的侄子，花花公子，表面对男主尊敬，实际上不服男主，对女主没有感情
女二：喜欢男主，想跟男主联姻，但屡次碰壁，想把女主搞走，暗中搞事",男主告诉男二，女主勾引自己，要男二跟女主取消联姻，女主感觉自己和妹妹要完了（任务失败，伯母不会救妹妹）,"吸睛事件：
素材1：男主遇险，女主犹豫到底要不要救男主，最后决定用自己的命，换男主一个人情救妹妹，被杀手捅刀
素材2：女主昏迷期间，医院来电话，男主发现女主身份有问题
素材3：女主醒来后，想去找妹妹，男主杀回马枪，阻止女主",不通过,通过,不通过,通过
9,,,"故事起因：
女主和男主做了三年地下情人，女主亲耳听见男主跟好友说和女主只是玩玩，想跟别人联姻。女主心碎离开，转身答应男二联姻。两年后，女主和男二恩爱的新闻遍地都是，男主吃醋，想要挽回女主，甘心做小三。背地里一直在找男二出轨证据，期间女主对男二百般维护，让男主醋意更重。加上女配的挑拨，找事，两人误会重重，最终解开误会。
主角主要目的：男主想复合，追妻火葬场，女主不相信男主，两人情感拉扯
经历阻碍事件：
1-男主和女主偷情，差点被发现
2-男主在酒店苦等女主，看到女主和男配一起从酒店出来，误会两人睡了
3-男主为了让女主离开男配，发现男主是GAY，故意放出消息，打压男配，被女主发现，女主误会","男主：霸总，前期好面子，渣男，后期为爱做三，偷偷观察女主和男二容易吃醋
女主：清醒，强大，是小公司的女总裁，对朋友很仗义，为了维护男二和女三的地下情，被误会也都没有将假结婚的事说出去，通过合约婚姻，让公司蒸蒸日上。
男二：GAY，女主的契约丈夫兼好友，对女主很好，很仗义，为了维护女主可以跟男主针锋相对，在外面有男朋友，因为家族原因，怕丢掉职务，不能公开，找女主假结婚。
女二：男主的爱慕者，多次给女主和男主造成误会",男女主偷情，差点被发现,"吸睛事件：
素材1：男女主偷情
素材2：女主想去见男主，被男二带走，在酒店偶遇了进入男主房间的女三
素材3：男主苦等女主一晚上，得知女主来过酒店，在酒店房间门口，看到忙碌一晚上的女主和男二，误会",不通过,通过,不通过,不通过
10,,,"故事起因：
肥胖女主刚替丈夫拿下一个大合作，去公司找丈夫，发现丈夫出轨，生气吵闹间，女主要离婚，要撕毁合同，被丈夫“杀死”，丈夫和闺蜜一起将女主埋尸。深夜，女主从土里爬出来，遇到首富亲爹，被带走。女主疯狂减肥，整容，用新身份出现，和深爱女主的男主一起报复渣男和闺蜜。
主角主要目的：改头换面后，报复渣男和闺蜜；和男主相认并在一起
经历阻碍事件：
1-女主被渣男“害死”，活埋
2-男女主商业联姻，对对方毫无兴趣，恶语相向
3-男主得知女主是自己寻找多年的女孩后，以为女主喜欢渣男","男主：霸总，女主的联姻对象。一直在寻找女主，前期不知道女主就是自己要找的人，和女主势同水火，后来发现的人格魅力，渐渐爱上女主，对女主忠诚
女主：商业奇才，谈判能手，帮渣男拿下非常多大项目，助力渣男事业，前期因为药物原因发胖；回家后减肥整容，用自己的计谋让渣男和闺蜜心生怨怼，事业家庭双双破败
男二：女主的渣男前夫，贪财好色
女二：女主一起在福利院长大的闺蜜，绿茶拜金",女主盛装打扮，出现在男配和女配的婚礼上,"吸睛事件：
素材1：渣男和闺蜜当着女主的面亲热，将女主活埋
素材2：女主减肥整容
素材3：女主减肥整容后，闪亮出席渣男和闺蜜的婚礼",通过,通过,通过,通过
11,,,"故事起因：
十五年前，女主原本有出身在一个幸福的家庭，因为母亲怀孕无法顾及自己，于是找来了一个女仆照顾自己。但因为女仆的介入导致自己幸福的家破碎。

十五年后，女主改名来到女二家，成为女二的贴身女仆。原本想着以牙还牙复仇女二，但在复仇的过程中结识了女二的儿子，从而引发一些列的故事。
主角主要目的：复仇女二一家。
经历阻碍事件：
1-酒会上，女二东西遗失羞辱教训女主；
2-女主复仇过程中，被男主恰好看到并且遭到男主的阻挠
3-女主和男主的的感情线，遭到女二的阻碍","男主：女二的儿子，热爱画画。前期以为女主来到自己家另有目的，所以对女主充满敌意，。但在潜移默化中爱上了女主，后得知女主真实目的后依旧爱着女主。
女主：原本出身在一个幸福的家庭，小时候因为母亲找来的女仆导致自己家庭破裂，长大后到女二家当女女仆，开启自己的复仇之路。
男二：女二丈夫，是一名医学教授。
女二：女主的复仇对象，为了能让自己拥有更好的生活，蓄意接近女主父亲，并让女主一家破人亡。",女主在勾引女二丈夫的时候，女二进来捉奸。（打一个信息差）,"吸睛事件：
素材1：女主内心vo知道男二有游泳的习惯，所以故意清洗泳池，目的是为了勾引男二，让男二对自己逐步产生兴趣。
素材2：女主将女二的珠宝戴在身上，给正在开会的女二发信息说自己自己整和她的丈夫偷欢，女二看到消息后立刻停止会议回家捉奸。
素材3：男主和女主之间感情的拉扯。",通过,通过,通过,通过
12,,,"故事起因：
五年前，女主被未婚夫以及姐姐设计和男主发生一夜情，事后女主被家人指责并被赶出家门，而女主姐姐为了让女主彻底消失，直接指导了一场车祸。

五年后，女主成为千亿总裁带着萌宝归来，主要目的是为复仇男二和女二，并夺回原本属于自己的家产。另一边男主则在暗中一直寻找女主，直到接到好兄弟的电话，得知自己竟有一个孩子。男主怀疑孩子母亲就是自己要找的那个女人，于是主动接近女主，目的就是为了证实女主是否是五年前与自己发生一夜情的对象。
主角主要目的：复仇男二和女二
经历阻碍事件：
1-原生家庭的打压；
2-女二各种造谣女主，联合男二给女主使绊子；
3-男女主情感拉扯；","男主：霸总，五年前和女主发生一夜情后，多年来一直在寻找女主。五年后，意外得知自己有个流落在外的孩子，并怀疑孩子的母亲就是自己要找的人。于是上门找女主，想要证实女主就是五年前与自己发生一夜情的对象，但在长久的相处中，逐渐爱上了女主。
女主：千亿总裁，五年前，被女主姐姐和未婚夫设计跟男主发生一夜情。
五年后女主归来，成为千亿女总裁后，只为复仇男二和女二。但命运的驱使让女主再次遇上男主
男二：渣男，原是女主的未婚夫，和女二勾搭上以后彻底抛弃女主。
女二：女主的姐姐，一心想要抢占属于女主的东西。",女主的身在份即将曝光那一刻，反派们得知后的反应。（打一个信息差，后期钩子可以是男主掉马以及女主何时知道男主就是她的一夜情对象）,"吸睛事件：
素材1：女二设计女主和男主发生一夜情，并被赶出家门。
素材2：女主改头换面带着萌娃归来的场面。（参照回家的诱惑，女主前后装扮，做一个反差人设）
素材3：女主遭到女二挑衅设计，自己主动化解，并掌掴女二。
素材4：男女主一些拉丝的甜宠画面。
素材5：开头素材，女主双手被绑着拴在汽车后面，车子在路上开，女主被反派一路在地上拖行。",通过,通过,通过,通过
13,,,"故事起因：
男二嫌弃女主很丑很胖，但是因为女主身家过亿，于是骗婚女主。事成之后联合女二将女主设计设计杀害并投海。女主因为海里的礁石被划破脸，幸被路过的男主所救。男主得知女主的遭遇后，提出和女主合作，因为男主和男二本身就彼此不对付。女主听后答应和男主合作。
三年后女主改头换脸归来，同时减肥成功，光鲜亮丽的出现在男二面前。并且成功诱骗渣男抛弃女二和自己再次结婚。之后女主步步为营，一步一步夺回了原本属于自己的一切，同时也联手男主一同让渣男为自己的所作所为付出代价。但在复仇的过程中逐渐对男主产生情愫。
主角主要目的：复仇男二和女二，并且夺回属于自己的一切。
经历阻碍事件：
1-女二得知女主身后，将女主以前的胖的照片公布于众。
2-男二得知女主真实身份后，想要布局设计想要再谋害女主一次。
3-男女主感情线，遭到女二和男二的阻碍。","男主：医学教授，男二的小叔。本就和男二彼此不对付。在机缘巧合在救下了女主，于是和女主达成合作共同复仇男二和女二。
女主：前期是因为胖导致长相不太好看的富家千金，但对男二死心塌地。看清男二的真面目后，决心改头换面，并且减肥成功归来复仇。
男二：：花花公子，原本因为女主有钱所以一直待在女主身边，但一次派对上解释了女主闺蜜，于是二人合谋掠夺女主财产，并且谋杀女主。
女二：心狠手辣，原本是女主闺蜜，但对男二一见倾心，且和男二合谋谋杀女主，以此夺得女主的财产。","一卡：女主真实身份差点曝光。

二卡：女主准备和男二结婚时，男二发现女主真实身份，欲故技重施，设局让女主在一个大场面身败名裂，以此好得到女主名下的所有财产。","吸睛事件：
素材1：女主前后形象作为一大两点，同时形成人设反差。

素材2：男二得知女主真实身份后，布局设计想要再谋害女主一次；
素材3：女主设计男二，把他引到地下室，跟狗关一起。因为女主知道男二怕狗，所以男二看到狗后，立刻为了躲狗，下意识爬到墙上嗷嗷乱叫。",通过,通过,通过,通过
14,,,"故事起因：
男女主相爱却因为女主的贫民出身被家族阻挠，女主欲离开，男主深爱不让（两人都在伪装）。原来这一切都是两人各怀鬼胎接近对方的复仇。5年前，男主误会女主的母亲是自己父亲的情妇，在女主母亲亟待手术时，借助家族势力调走了医生，导致女主母亲死去。5年后，女主被姥爷找回，回归继承人身份，假扮他人接近男主，而男主从女主一开始接近就知道女主身份。两人都假扮深爱对方，实际上都想让对方失去拥有的一切。但却发现真实情况跟自己预想的不一样，分不清假扮深情的界线，从而爱上对方。然而复杂的家庭关系和对父辈关系的误会，却让两人的感情障碍重重。
主角主要目的：复仇男主一家人，为死去的母亲报仇雪恨，拉男主下马，吞并男主集团，解开自己母亲被男主认为是情妇的误会。
经历阻碍事件：
1-假扮身份被发现，差点无法留在男主身边，会让自己陷入无法复仇的危险，但要对自己喜欢的人下手又非常艰难
2-父辈仇怨的心结，让女主全然接受男主
3-男二对当年手术真相的隐瞒、女二的刁难","男主：集团继承人，表面深情，实际想让女主再次失去一切。白切黑，阴狠偏执，六亲不认，复仇中期已经分不清是爱女主还是自己在扮演，后期知道真相后卑微跪求女主原谅。
女主：失散的集团千金，聪明果敢，善于运用美貌和计谋达成目的。
男二：知道当年女主母亲死去的手术真相的医生，因深爱女主，帮助女主复仇（参考黑暗荣耀周汝正）高智，有自己的小九九。
女二：男主原本的家族订婚对象，爱男主，恨女主，男主的复仇工具人。",女主穿上当年母亲的衣服（纯元故衣事件）引诱男主父亲。男主父亲以为是当年得不到的梦中情人（女主母亲）重新回来了，欲对其不轨，男主英雄救美，誓要为女主出气，顶替父亲集团董事的位置。（女主计谋得逞的爽感）,"吸睛事件：
素材1：女主穿上当年母亲的衣服（纯元故衣事件）引诱男主父亲。男主父亲以为是当年得不到的梦中情人（女主母亲）重新回来了，欲对其不轨，男主英雄救美，誓要为女主出气，顶替父亲集团董事的位置。（女主计谋得逞的爽感）
素材2：男主明牌知道女主身份后，对女主的囚禁和强制爱。（男女主的欲感+女主的痛点）
素材3：男女主解开误会后，男主雨夜卑微跪求女主原谅，女主因心结暂时无法接受男主，对男主狠心。（两人无法在一起的虐感）",不通过,通过,通过,通过
15,,,"故事起因：网球教练女主被嫉妒自己的女球员在一次网球比赛中下了“兴奋剂”后被查出，从此身败名裂，女二接替女主赢得比赛，网球明星女主沦落到去一个网球场打扫卫生，遇到球技平平的男主指点一二，但被转头选择女二的渣男抛弃奚落，软饭男反说女主贪图他钱财才和他在一起，来打网球的CEO男主英雄救美，让女二打女主的球拍直接打在男二脸上。因为被男二奚落没人要，而男主正想找个女人摆脱家族安排的婚事，所以两契约结婚。因为听到男二说女主是贪财的，男主故意因隐瞒自己是这家网球场老板，且坐拥整个城市所有体育馆的富人身份，只说自己是这里的帮工，女主也没有提及自己是网球明星的过去，但她暗自发誓要查出兴奋剂事件的真相，在下次比赛前把属于自己的东西拿回来，风光参加下一次比赛。而爱上女主的男主渐渐知道了女主的过去，并且帮助女主复仇。
主角主要目的：复仇让自己身败名裂的女二，拿回本属于自己的比赛机会，将女二绳之于法，以参加下个月的奥运比赛。
经历阻碍事件：
1- 女主要查清真相，遭到女二男二的阻挠
2-男二被拜金女的女二掏空钱包，看到女主近况好转，又来纠缠女主，被男主打脸。
3-男女主情感拉扯，女主身份低微被男主家族反对嫌弃，后面女主赢得巨额奖金，拾回网球女明星光环，男主全家打脸。","男主：体育行业CEO，垄断整个城市的健身器材生意
女主：曾经的网球明星，被人陷害后身败名裂，在网球场草地，打扫厕所
男二：女主前男友，为女主光环和她在一起，吃软饭，之后劈腿女二。
女二：网球运动员，嫉妒心强，自恋狂，用兴奋剂陷害女主，最后被疯狂打脸。",卡在欲点——男女主签订契约后，第一次打网球，被女二误导，女主误入男主更衣室，两人赤裸相对。,"吸睛事件：
素材1：女二男二在球场休息室里偷情被打扫卫生的女主发现。
素材2：女主开场赢得比赛后，在掌声中被举报使用兴奋剂，比赛中断，女主被拖出比赛。
素材3：女主被女二陷害，撞向网球场上的铁丝网，被男主接住。女二要用球拍拍女主却打脸男二",通过,通过,通过,通过
16,,,"故事起因：女主第一天入职丢失身份证明和报到材料，被女二捡到后冒充，顶替了女主的职位。由于两人长相很像，女二又因为被行政人员错认的身份得到了许多好处，就冒名顶替。女主百口莫辩，只好忍辱负重，好在有男主英雄救美，随着女主身份浮出水面，女二被疯狂打脸，而男主的真实身份是潜伏在公司内部调查内奸的CEO， 他发现女二罪证后将她绳之于法。
主角主要目的：揭穿女二真面目，把她从本属于自己的职位上拉下来，和男主在一起。
经历阻碍事件：
1-女二有女主所有证件，所有人都相信女二，不相信女主
2-女主被女二以领导身份打压，职场霸凌，以职位便利让女主去做各种分外的活，包括和某个好色老男人吃饭，被占便宜，幸亏男主即使出现，打退色狼。
3-女二知道男主真实身份后，挑拨男主和女主关系，让女主不停误会男主。","男主：打工人马甲，其实是潜伏CEO
女主：被抢了职位的悲惨打工妹
男二：女二狗腿子，见风使舵，经常在办公室偷情。
女二：冒名顶替女主位置，自称高材生，其实连高中也没毕业。入职那天本来是来应聘前台助理的。",女主即将掉马,"吸睛事件：
素材1：入职材料被掉包
素材2：女主被女二绊了一跤，一杯热咖啡泼在领导头上。
素材3：在记者采访的公关环节，女二口吃回答不出问题，女主对答如流，打脸女二",不通过,通过,通过,不通过
17,,,"故事起因：艾玛是新觉醒的女性Alpha，被南区狼王亚历克斯以""保护""为名囚禁。她每天都要经历非人的训练，在生与死的边缘挣扎。亚历克斯告诉她，只有这样才能对抗那个手持白骨手杖的魔鬼狼王。在她最绝望的时候，北区首领克里斯的出现给了她希望。然而当她终于以为找到了避风港，却在克里斯的书房里看到了那根噩梦中的白骨手杖。
主角主要目的：艾玛
目标：活下去，慢慢找到使命 性格：善良但倔强，渴望被爱却不盲从 特点：觉醒成罕见的银白色狼形，对抗能力极强

亚历克斯
目标：保护艾玛活下来，阻止克里斯的疯狂计划 性格：表面冷酷，内心守护，不惜被恨 特点：实力强大，行事果决，对艾玛严厉中带着隐藏的关切

克里斯
目标：获得艾玛的信任，完成他的""收藏"" 性格：表面温柔，内心疯狂，手段狠毒 特点：完美伪装者，擅长操控人心
经历阻碍事件：
亚历克斯的虐待训练
亚历克斯的档案被艾玛看到 误会
克里斯攻心暗中破坏亚历克斯的计划","女主：艾玛
目标：活下去，慢慢找到使命 性格：善良但倔强，渴望被爱却不盲从 特点：觉醒成罕见的银白色狼形，对抗能力极强

男主：亚历克斯
目标：保护艾玛活下来，阻止克里斯的疯狂计划 性格：表面冷酷，内心守护，不惜被恨 特点：实力强大，行事果决，对艾玛严厉中带着隐藏的关切

男二：克里斯
目标：获得艾玛的信任，完成他的""收藏"" 性格：表面温柔，内心疯狂，手段狠毒 特点：完美伪装者，擅长操控人心",女主背叛了男主，和男二私奔时，发现男二就是魔鬼狼王,"吸睛事件：
素材1：艾玛和克里斯锁着银链做爱
素材2：水牢训练时全身伤痕的艾玛
素材3：艾玛发现白骨手杖时，克里斯露出真面目",不通过,通过,通过,通过
18,,,"故事起因： 天才设计师林悦因车祸失去双亲,还背负男友的赌债。为了还债,她不得不在多个医院做清洁工。在一次清理医疗垃圾时,偶遇装扮成普通医生的霍氏集团CEO霍承御。霍承御被她的坚韧打动,提出假结婚。然而,这场交易婚姻却在林悦继母和情敌的算计下,渐渐滋生出真挚的爱情。
主角主要目的：林悦（女主）：表层目的：还清医疗债务，维持生计。深层目的：寻找真正的爱与安全感，走出失去双亲的阴影
霍承御（男主）表层目的：寻找真诚的婚姻关系。深层目的：保护林悦，治愈她的伤痛
经历阻碍事件：
继母发现霍承御工作证，威胁要揭发他的身份
林悦发现豪宅生活的违和感，怀疑霍承御身份
林悦误会霍承御与神秘女人的关系","女主林悦：天才设计师，性格坚韧，外表柔弱但内心倔强，因失去双亲而略显自卑
男主霍承御：Ceo 表面冷峻，内心温柔，事业有成但渴望真情","林悦意外撞见霍承御和神秘女人亲密用餐,心碎离开。继母和继姐趁机散布她是小三的谣言。当林悦准备独自离开时,突遭车祸。","吸睛事件：
素材1：用牙刷刷马桶
素材2：医疗垃圾泼向闺蜜的复仇时刻
素材3：两个人感情升温做爱",不通过,通过,不通过,通过
19,,,"故事起因：20岁的纯情大学生小樱为救重病的母亲，被闺蜜丽丽设局。丽丽不仅偷走了母亲的救命钱，还诱骗小樱去陪酒。遇到英俊霸道的夜总会老板萧南，发生一夜缠绵后，小樱以为这只是一场交易。第二天，萧南却成了她的新教授。更要命的是，为了还清医药费，她又不得不去萧南的会所当面具公主。
主角主要目的：女主(小樱)：
首要目的：筹钱救治重病的母亲
次要目的：保护自己的清白名誉

男主(萧南)：
表面目的：寻找一夜情对象
隐藏目的：保护小樱，铲除会所的害群之马
经历阻碍事件：
师生关系的伦理冲突
小樱对萧南的误解和戒备
丽丽的从中作梗和陷害","小樱（女主）：20岁纯情大学生，外表柔弱但内心坚强，处于情感空白期
萧南（男主）：30岁霸道总裁，表面花心实则专情
丽丽（反派）：25岁会所红牌，表面姐妹情深实则心机深沉，善于设局陷害",会所年度VIP宴会上，丽丽在小樱酒里下药，打算让她多p，并直播。药效发作时，小樱已经意乱情迷，被多个男人压在身下，丽丽正要揭开面具，萧南及时出现制止。,"吸睛事件：
素材1：初遇时的强吻戏
素材2：会所里的面具调情
素材3：药效发作时的英雄救美",通过,通过,通过,不通过
20,,,"故事起因：从小被继母虐待的钢琴家索菲亚因救人烧伤毁容，在音乐厅她与豪门总裁马克一夜情，马克误认为是自己的初恋，循着线索找上门，但被索菲亚妹妹莉莉顶替，而索菲亚车祸失忆又意外成为马克的私人钢琴教师。
主角主要目的：索菲亚：渴望被真诚相爱，摆脱继母控制。希望重返音乐舞台，实现音乐梦想。寻找自己真实身世

马克：寻找那个雨夜触动他心弦的神秘女子，走出初恋阴影，重获对生活的信心
经历阻碍事件：
继母的非法囚禁和威胁
莉莉的恶意顶替和诬陷
车祸导致的失忆","女主：索菲亚：才华横溢的天才钢琴家，善良坚韧，不轻易放弃，因烧伤而自卑，习惯性隐藏真实的自己
男主：马克：表面冷峻的商业精英，内心柔软，对音乐有独特感悟，重情重义，执着追寻真爱
女三：安娜（继母）：表面优雅的上流太太，内心阴暗，为利益不择手段，隐藏着不可告人的过去
女二：莉莉：表面甜美，内心扭曲，极度自私，嫉妒成性，渴望荣华富贵，不惜伤害姐姐",索菲亚找到证明身世的旧谱册，却在准备揭发真相时遭遇车祸。马克找到海伦娜家族的律师，掌握了关键线索。但消失的索菲亚是否还活着？,"吸睛事件：
素材1：在音乐厅里一夜情
素材2：地下琴房烛光中的独奏画面
素材3：海边公路的惊险车祸",通过,通过,通过,通过
21,,,"故事起因：女主瘫痪多年，丈夫和闺蜜无微不至地照顾，女主感动，却意外得知，自己恢复不了是因为丈夫一直在给自己吃狗吃的肌肉松弛剂。
主角主要目的：报复丈夫和闺蜜。
经历阻碍事件：
1-女主上网查询，快查出来，结果网被掐断，丈夫就在身后看着
2-女主借口和男主出去看电影，借机到药房询问药剂，得知真相，男主赶来，女主得知吃了这种药会下肢瘫痪，破梗是男主支开人，给女主打了镇定剂
3-女主服毒，而丈夫要获得财产女主必须活着，于是被迫送女主进医院，女主找机会求救。","男主：软饭硬吃凤凰男。
女主：将男主视为唯一依靠的有钱人，得知真相后清醒。
女二：女主闺蜜，男主出轨对象。",女主上网查询，快查出来，结果网被掐断，丈夫就在身后看着,"吸睛事件：
素材1：女主发现丈夫和保姆闺蜜，听到两人想害自己。
素材2：女主发现自己吃的药并不是治疗瘫痪的，药瓶下还有另一层标签。
素材3：女主找到机会上网查询药品名称，却发现网不能用，回头，男主在身后，询问她在查什么。",不通过,通过,通过,通过
22,,,"故事起因：假千金妈妈是女总裁的助理，将自己的孩子与女总裁的孩子调换。
主角主要目的：揭露调换真相
经历阻碍事件：
1-助理调换孩子，女总裁看到胎记，询问，被渣男丈夫糊弄过去。
2-假千金婚礼上，真千金出现抢婚，并说出调换真相。
3-女总裁起疑，决定调查。","男主：假千金的联姻对象但喜欢女主。
女主： 真千金
男二：女总裁老公，渣男，出轨助理。
女二：假千金；助理的女儿
女主妈妈；
假千金妈妈，女主总裁妈妈的助理。吸毒酗酒家暴，虐待女主",婚礼说出真相，真千金准备调查,"吸睛事件：
素材1：助理调换自己和女总裁的女儿。
素材2：助理虐待真千金，真千金凄惨和假千金千恩百宠长大的对比。女佣给女总裁下慢性毒。
素材3：假千金婚礼，真千金抢婚，男主揭露真相。掉包的事险些败露，首富千金对真相起疑，决定查监控。",通过,通过,通过,通过
23,,,"故事起因：女主去夜总会跟任务，男主对她一见钟情，毁她婚礼强取豪夺。女主迫于压力嫁男主，对男主反感排斥，殊不知男主是儿时救她的大哥哥，是她将渣男错认成恩人
主角主要目的：男主强取豪夺守护女主，女主逃离魔掌，追查父亲死亡真相
经历阻碍事件：
1-女主想通过结婚逃离男主，男主发疯婚礼抢亲
2-女主被误导，认定男主是杀父杀兄凶手
3-女配利用权势强行插入男女主感情","男主：黑手党大佬，疯批、占有欲max。儿时救过女主
女主： 正义小记者，一直在调查父亲死因，父兄都是警察
男二：演员，出卖女主父亲出警信息得以上位
女二：另一个帮派的千金","一卡：男主婚礼抢亲，女主夺枪要自杀威胁男主，男主发疯，直接给未婚夫身上绑炸弹
（或者女主要发现男主是儿时恩人？）","吸睛事件：
素材1：男主婚礼抢亲，女主夺枪要自杀威胁男主，男主发疯，直接给未婚夫身上绑炸弹
素材2：渣男被哥哥发现父亲死亡真相，要揭穿被渣男失手捅死，渣男嫁祸给男主
素材3：女配利用家族势力迫害女主",通过,通过,通过,通过
24,,,"故事起因：渣男联合闺蜜给女主下药，误把女主送进男主房间，通过男主，女主发现认错恩人，被渣男给白月光当枪手，在男主帮助下，手撕渣男白月光，在作曲界大放异彩
主角主要目的：男主-帮女主，让其爱上他；女主-手撕渣男贱女，拿回自己的荣耀
经历阻碍事件：
1-女主发现渣男劈腿，被当枪手，反抗，渣男控制病重母亲威胁
2-女主作品被指认抄袭
3-男女主关系转正","男主：渣男小叔。车祸失明时被女主创作的歌鼓励，复明去找女主，发现女主跟渣男官宣，至此远走国外三年。女主恩人，车祸前救过女主母亲，跟女主有一面之缘，对她一见钟情（女主当时晕倒，并未看清恩人样子）
女主： 作曲家。毕业后被渣男困在家，写的曲谱都被渣男拿去成就白月光
男二：女主学长。冒领男主恩情的渣男
女二：女主闺蜜，渣男白月光，看重女主天赋，与渣男一起设计女主当她成名垫脚石",一卡卡在，女主偷听到渣男拿她当枪手,"吸睛事件：
素材1：渣男跟闺蜜活春宫被女主发现
素材2：女主作品赢得第一名，被闺蜜当众指认抄袭
素材3：男二用母亲性命威胁，女主承认抄袭",不通过,通过,不通过,通过
25,,,"故事起因：女主的父亲欠下巨额赌债，身为黑帮老大的男主上门收债，看上女主，强取豪夺要求女主做自己的情人抵债。也因此，男主并不珍惜尊重女主。不久后，女主发现自己得了绝症，打算告诉男主时，却意外听见男主说自己要结婚了，并表示女主只是一个随意玩弄的情人，不配管自己的私事，女主伤心欲绝，决定离开独自渡过剩下的时间，却仍被男主留下各种折磨，最后男主意识到自己的感情，追妻火葬场。
主角主要目的：男主得知女主得了绝症，意识到自己对女主的感情，追妻火葬场。
经历阻碍事件：
1-女主发现自己得了绝症，打算告诉男主时，意外听到了男主要结婚的消息，女主决定离开，却被男主抓了回来，折磨，女主说出自己得了绝症。（男主不信，觉得是女主想逃的借口。）
2-女二将女主推下楼，女主送医，男主看到病历单。
3-男主意识到自己的感情，想要弥补时，得知女主绝症不治身亡。","男主：黑手党老大，超雄，爱上女主后做出改变。
女主： 原本是天赋出众的画家，在得知自己得了绝症后，开始致力于逃离男主，去完成自己未竟的梦想，最后假死逃离男主，绘画获得大奖被男主发现没死，男主追妻。
男二：痴情男二，助攻工具人
女二：恶毒的联姻对象。",女主对男主说自己得了绝症。,"吸睛事件：
素材1：黑帮上门收债，将女主父亲痛揍一顿，女主惊慌，男主出现，表示要女主做他的情人。
素材2：女主发现自己得了绝症，想找男主坦白，却听到男主要结婚的消息，男主还表示女主只是自己的情人，没有资格管自己的私事。
素材3：女主被女二推下楼。",通过,通过,通过,通过
26,,,"故事起因：男主误会女主蓄意谋害白月光流产，把女主赶出国不管不问，三年后女主带娃归来再次遇到男主。女主为了给孩子治病努力打工，去男主公司做广告策划师，晚上跳钢管舞。在相处中男主逐渐认清女配真面目，被女主所吸引，决定再次追求女主。
主角主要目的：男主想追求女主，女主想摆脱男主
经历阻碍事件：
1-白月光污蔑女主想要谋害自己。
2-白月光阻碍男主得知女主有孩子
3-","男主：总裁，开始眼盲心瞎，后来后悔
女主：从恋爱脑到对男主心死
男二：女主女儿的主治医生
女二：男主白月光青梅竹马",男主即将得知女主有孩子,"吸睛事件
素材1：白月光拽着女主的手往自己身上捅刀子，女主一手血求男主原谅
素材2：男主发现女主是公司聘任的高级广告策划
素材3：男主听到孩子管女主叫妈",通过,通过,通过,通过
27,,,"故事起因：女主本是知名杀手，为爱隐退嫁给渣男，怀孕撞破渣男出轨小三，意外流产＋手臂受伤。女主心灰意冷决定重启事业，而渣男也想找到神秘杀手为自己效力。女主证明自己身份，打脸渣男小三。
主角主要目的：女主证明自己身份，打脸渣男小三。
经历阻碍事件：
1-女主为保护丈夫手臂落下永久残疾
2-女主在医院撞见渣男带小三产检
3-女主被渣男小三羞辱","男主：总裁，渣男
女主： 知名杀手
男二：暗恋女主的助手
女二：暗恋男主，讨厌女主",女主被众人羞辱，拆下手腕绷带射击,"吸睛事件：
素材1：女主帅气杀手转变家庭主妇
素材2：女主倒地即将流产，男主抱着女配离开
素材3：男配带人登场恭迎女主回归。",不通过,不通过,通过,通过
28,,,"故事起因：女主因家族联姻嫁给男主三年，没有自由，没有自我，为了男主的家族和企业形象必须永远保持端庄得体，顾全大局，牺牲个人爱好。却被婆婆嫌弃，丈夫忽视，甚至结婚纪念日时丈夫也抛下她去陪伴绿茶，工作上再受挫，女主晕倒，得知自己得了绝症，决定做自己。
主角主要目的：女主打脸众人。
经历阻碍事件：
1-女主被羞辱，晕倒。
2-女主得知自己得了绝症，决定不再忍耐顺从。
3-众人被打脸。","男主：女主丈夫。
女主：从小活在家族的期望中，被家族安排联姻嫁给男主。其实喜欢摇滚
一众配角",男主差点得知女主得了绝症。,"吸睛事件：
素材1：结婚纪念日，女主晕倒，在医院醒来打电话给男主，男主搪塞在忙，而女主看到男主在陪女配检查。
素材2：女主得知自己得了绝症，回到家被婆婆羞辱，被女配耀武扬威，被上司羞辱，决定发癫。
素材3：女主在父亲决定把公司交给绿茶妹妹的宴会上公开揭露父亲出轨的事，发癫打脸所有人。",通过,通过,通过,通过
29,,,"故事起因：女主是退伍军人，想要一个稳定的生活，所以在跟霸道总裁相亲后，两人迅速闪婚，并隐瞒了自己的真实职业，但婆婆却对女主忧心忡忡，多次劝女主离开，女主这才渐渐发现男主一家有问题。
主角主要目的：女主惩戒男主一家施暴者。
经历阻碍事件：
1-女主被男主一家人蒙蔽。
2-女主得知男主一家的真实面目，决定反击。
3-女主惩戒男主一家施暴者。","男主：有权有势的总裁，伪君子
女主： 身手好，正直善良，
男二：待定
女二：男主婆婆，长期受到家暴。",女主差点发现男主暴力的真面目,"吸睛事件：
素材1：男主一家在女主面前装好人，在背地里毒打婆婆。
素材2：女主怀疑男主一家有问题，却又遇到从前被她镇压的犯罪分子，女主的身份差点暴露。
素材3：女主惩治男主一家。",通过,通过,通过,通过
30,,,"故事起因：女主被家人无视排挤，得到自己时日无多的她决定放弃治疗，意外遇见同样来医院治病的患癌男主，两人产生一面之缘，女主回家，被女2刁难，看着偏袒女2的父母，女主心如死灰挑选墓地，刚好又和男主撞上，女主被女2在生日会污蔑之际，男主帮忙打脸。整部剧核心痛点：两个很好的人相爱了，并且也拥有很好的爱情，但他们只能死去，祈祷下辈子相遇。
主角主要目的：前期女主希望家人能在生命最后重视自己，中期想完成自己香水事业但被女2处处阻挠，后期双方都只希望对方能活下去。
经历阻碍事件：
1-女主身患癌症，痛苦的决定放弃治疗，通知家人
2-女主被女2在生日会上污蔑偷东西，虽然男主帮忙打脸了，但她还是狼狈被赶出去
3-女主心如死灰，想自杀。","男主：身患绝症大艺术家
女主： 时日无多善良调香师女主
女二：女主养妹，觉得女主不可以超过自己，女主不配得到其他人的目光，处处使坏。",女主被羞辱的很难看，被赶出宴会厅时再也憋不住眼泪，走入大海,"吸睛事件：
素材1：女主呕血，确认放弃治疗，定坟墓，遇见男主。
素材2：女2污蔑女主偷东西，还让女主自己扒光了衣服，被男主打脸，女主觉得自己终于能得到家人的道歉，但家人依旧冷眼旁观，女2甚至伸出脚狠狠碾压女主捡东西的手，但没有一个人制止，女主被赶出宴会厅
素材3：女主想着刚刚家人的态度，流泪走向大海，海水渐渐淹没她的头顶。",不通过,通过,通过,不通过
31,,,"故事起因：女主和男主本来相爱，但男主误会女主导致自己母亲死亡，对女主爱恨交加，想放弃女主重新和白月光在一起，但发现自己心里还是放不下女主，在纠缠中发现事实真相，但两人早已经分道扬镳
主角主要目的：女主希望逃离男主，接受死亡
经历阻碍事件：
1-女主查出胃癌，不停呕血之际男主出现
2-女2绿茶在医院伤害女主，男主熟视无睹，并且拔下女主戒指丢下，女主心痛去捡，却发现戒指破碎，女主喃喃道这也代表自己该放弃了
3-女2在公司里大肆污蔑女主，说她的总裁身份名不副实，女主用能力打脸女2，但男主出面不仅没有支持女主，反而认定女主确实有问题，女主心累","男主：对女主爱恨交加霸道股东男主
女主： 期待男主回心转意但一次次被伤害更深彻底死心女主
女二：心机绿茶",女主拿着收集到得到的男主妈妈事故证据敲响男主门，以为可以挽回男主，却发现里面正在亲吻的男主女2,"吸睛事件：
素材1：女主躺在病床不停呕血，平静看着天花板，心说“我要死了”
素材2：女主被女2按压针孔，推下楼梯，放狠话，但又在男主来临时候装白莲花，男主目睹一切，但他接受了女2讨好
素材3：女主心死，提出离婚，被男主按在床上狠狠亲吻，侵犯，说“无论如何你都不可能逃过我！”",不通过,通过,不通过,通过
32,,,"故事起因：女主是老钱阶级继承人，本来开办宴会想在上面给男主商业大单，为了给男主惊喜隐瞒身份，却不想男主听信女2，侮辱自己，女主奋起离开。在宴会上揭开高身份打脸男主女2
主角主要目的：做回自己，打脸男主女2
经历阻碍事件：
1-女主出车祸差点死掉，却只能自己去往医院，遇见自己叫不来的男主陪在仅仅是感冒挂水的女2身边
2-女主跟男主提了分手，直接回家收拾行李却被阿姨冷嘲热讽，女主反击
3-男主女2以参加宴会为荣，殊不知开办宴会的正是女主，在女2挖苦嘲讽女主之时，女主闪亮登场打脸","男主：超雄霸道艺术策展人男主
女主： 老钱阶级靠自己成就商业帝国女主",女2男主反复在宴会说女主低身份为什么进来之类，女2以男主等会即将得到的大单为荣，又说看中男主的那位神秘支持者多么有品位，当女2不停欺压羞辱女主时，台上宣布真正的支持者——女主。女主华丽登场打脸。,"吸睛事件：
素材1：女主出车祸差点死掉，握紧男主给的戒指祈求让自己活下去，打电话给男主打不通，没想到在医院遇见男主陪在感冒女2身边
素材2：女主回家被仆人羞辱，男主站在仆人那边
素材3：女2在宴会前夕疯狂嘲讽女主，说她没有邀请还来这里攀高枝云云。女主却在连续欺辱嘲讽之后揭开高身份",通过,通过,通过,通过
33,,,"故事起因：为了不让女儿（女主）养成骄横跋扈的性格，首富爸爸故意隐瞒身份，磨练女儿的品行。女儿在公司做销售，做出了出色的业绩，爸爸非常满意，准备召开表彰大会，公布身份。同时还给了女儿男朋友升职的机会。但男朋友并不知道女主身份，提了分手。
主角主要目的：
经历阻碍事件：
1-女主是渣男的下属，做出了业绩，但惨遭分手
2-女主不知道自己是首富女儿，生活勤俭，被女配瞧不起
3-反派脑补，不相信女主是首富千金（以为女主傍上了老男人，女配试图去勾引女主爸），继续各种作妖，被打脸（没具体看付费集，蛮想到这个事件）","男主：
女主： 首富女儿，但不知道自己的身份；工作努力，业绩出色
男二：女主渣男友，蹭了女主的业绩。升职后踹了女主
女二：欺负女主；想勾引首富上位，最后才知道女主是首富千金",女主是首富女儿的身份即将被公开,"吸睛事件：
素材1：反转：首富女儿不知道自己身份，被分手。期待表彰大会上反派被打脸
素材2：表彰大会前，女配和男配带头欺负女主，让同事扒她衣服；出钱让人按住女主，剪她的头发；公开拍卖女主，女主被油腻老王拍走（参考《渣男母子想夺我家产，我带父亲杀疯了》）
素材3：",通过,通过,通过,通过
34,,,"故事起因：女主（养女）和女配（刚被找回家的真千金）被绑架，绑匪要求交赎金。养母选择救亲生女儿。同时，男主在找童年小伙伴，收到消息后赶到绑架地点，误把女配当成自己要找的人
主角主要目的：女反和养母知道女主才是男主要找的人，各种找女主的茬
经历阻碍事件：
1-女主和女配被绑架，养母只救女配；
2-绑匪要把女主手指剁了，男主出现，被男主救；
3-在女配和养母的瞎逼逼之下，男主将女配误认为要找的人","男主：霸总，认错人
女主： 被领养的，后回到亲生父母身边；婚礼策划师
男二：/
女二：被家人找回，频繁针对女主",绑匪要把女主手指剁了，男主出现,"吸睛事件：
素材1：女主和女配被绑架，养母只救女配。绑匪要把女主手指剁了，男主出现（参考《诱他沉沦后，黎小姐杀疯了》）
素材2：女主被赶走前，女配让她不能带走任何东西，女主脱衣服、脱鞋子等，女配故意打破花瓶，让女主踩着玻璃离开；
素材3：男主要娶女配，女配指定女主做婚礼策划师。策划现场，女配谎称钻戒丢了，诬陷女主。让人搜女主的包（包里东西被翻出来丢一地），让众人搜女主身",通过,通过,通过,通过
35,,,"故事起因：女主曾经是富家千金，但父亲债台高筑，和母亲一起自杀，女主一夜之间跌入谷底，沦为被众人看不起嘲笑的对象，就连未婚夫也出轨闺蜜。女主伤心买醉，意外救了身为教父的男主。男主对女主一见钟情，为了报答女主，可以满足她一个要求。女主想起病重的奶奶，奶奶的遗愿是看到她嫁人。于是女主提出和男主假结婚。彼时男主怕教父身份吓到女主，隐瞒真实身份，化身平平无奇的工人。闺蜜得知女主嫁给了穷人，带着渣男上门欺负嘲讽女主，却被频频打脸。
主角主要目的：男女主打脸反派
经历阻碍事件：
1-闺蜜和未婚夫出轨，嘲笑欺负女主
2-女主在高级会所卖酒，闺蜜带着一群富二代欺负打压女主
3-闺蜜和渣男在公司给女主泼脏水","男主：对女主一见钟情的教父
女主：坚强上进，家里破产后靠卖酒为身
男二：眼里只有利益的自私男
女二：一开始因为家境不如女主，所以嫉妒女主，后来女主家破产后，就开始明目张胆欺负女主",女主在会所被色鬼富二代调戏，险些被强暴，男主出场救妻,"吸睛事件：
素材1：闺蜜和未婚夫出轨，欺负女主
素材2：女主在会所卖酒，一群富二代嘲笑欺负女主，逼迫女主玩屈辱的游戏
素材3：女主反抗，被富二代色鬼调戏，撒钱说睡一次多少钱，关键时刻男主出场",通过,通过,通过,通过
36,,,"故事起因：渣男一家为扶小三上位，拿到女主手中股份，制造火灾要“烧死”女主，女主死里逃生，假装不知真相，发疯报复渣男一家，在复仇中跟男主互生情愫
主角主要目的：女主复仇渣男小三一家
经历阻碍事件：
1-女主被锁在起火的房间（男主救，男主当时带着消防员的帽子被误会成消防员）
2-渣男借女主不孕，在董事会威逼女主交出父亲赠送的股份
3-男主是渣男父亲儿子身份确定，渣男不想让男主分走股份，打算一石二鸟，设计男女主有奸情
4-渣男破产，绑架女主心智不全的妹妹","男主：总裁，幼时父亲抛弃母亲攀上贵家千金，小时候被女主维护过，暗恋女主。借着复仇渣男母亲，接近女主
女主： 救过渣男父亲，手里有渣男父亲赠予的股份（其实是渣男父亲为让女主担下不孕的名声，隐瞒渣男无精症给的补偿）。迷恋渣男，后看清楚本来面目报复
男二：无精症，爱钱，爱美女，在意自己 ，在意家族脸面
女二：捞女，曾经游走在各个金主之间。偶然怀孕，本想借机上位没想到渣男无精症",一卡小三怀孕登堂入室，女主曝出渣男无精症,"吸睛事件：
素材1：渣男他们将女主锁在发生火灾的房间
素材2：婆婆贬低，小姑子为难，女主一反之前低声下气，当场发疯
素材3：女主撞见小三孕检，想到渣男患无精症，意识到小三偷人了
素材4：女主诱骗渣男签风险合同，渣男公司破产",通过,通过,通过,通过
37,,,"故事起因：女主是真千金，但在学校中，女配一直在冒充她的身份，而且所有人都认为女主是男二的舔狗，觉得女主爱惨了男二。正巧女主遇上了联姻对象，联姻对象英雄救美，而女主对他一见钟情，于是女主答应了家族联姻。同时，女主为了报复女配和男二，不断设计他们出丑，最终揭开他们两人的面具，打脸他们。
主角主要目的：女主打脸女配和男配。
经历阻碍事件：
1-男配自恋狂，觉得女主爱惨了自己，各种羞辱女主。
2-女配联合其他同学欺凌女主。","男主：世家公子哥，女主的联姻对象，谦谦公子
女主： 真千金，独立善良
男二：普通家庭，校草，自恋傲慢
女二：假千金，恶毒虚荣",女配假千金的身份差点被拆穿。,"吸睛事件：
素材1：女主被男配羞辱，被女配欺凌。
素材2：女主拆穿女配和男配的真面目，打脸两人。
素材3：女主和男主的感情线。",不通过,通过,通过,通过
38,,,"故事起因：婚礼前夕，女主检查出怀孕，正要欣喜告诉男主，却在医院看到男主和白月光带着一个四岁的孩子。在事情暴露后，男主不仅不安抚女主，甚至觉得女主家境不好，根本帮不了他的事业，他能娶她已经够爱了。之后男主还任由白月光打压欺负女主。在白月光的设计下，男主对女主的态度越来越恶劣，导致女主肚子里的孩子被害流产，就在女主孤立无援的时候，女主三个哥哥霸气出场，给女主撑腰。
主角主要目的：女主打脸男主
经历阻碍事件：
1-白月光上门打压欺负女主
2-男主始终不愿意维护女主，觉得女主只是无用的附庸品
3-","男主：眼瞎的渣男，后期追妻火葬场，被白月光哄骗，便宜爹
女主：坚韧善良，是豪门失散多年的真千金
男二：三个哥哥，是女主爷爷领养的孩子，作为女主备选未婚夫
女二：绿茶婊，为了夺取男主家产，设计把和前任生的孩子栽赃给男主",婚礼当天，白月光让自己的孩子给女主当花童，设计女主把孩子推下楼，男主无脑护，导致女主流产，女主孤立无援的时候，三个哥哥出场抢婚,"吸睛事件：
素材1：女主检查出怀孕，要告诉男主，却看到男主和白月光一起带孩子
素材2：女主质问男主，男主态度敷衍，并且反过来指责女主，女主伤心
素材3：白月光找上门，欺负打压女主，在男女主婚礼当前，陷害女主，并且害女主肚子里的孩子流产，女主三个哥哥霸气出场抢婚",通过,通过,通过,通过
39,,,"故事起因：女主卑微爱着男主，男主本来对女主也有好感，在女2（开始认为男主是个穷小子想摆脱他，之后才知道男主是亿万富翁）的阴谋诡计下女主在酒店机缘巧合和弱精男主上了床，恰好为他怀了孩子，但男主因为认为女主是下药导致两人上床，是以孩子要挟为钱来的并不珍惜她，甚至联合女2反复羞辱女主，女主痛苦决定打胎，却再次受到男主羞辱认为她不敢，联合女2伤害女主，甚至失手推了女主导致女主流产，男主内心震荡后悔自己不该如此过分之际，似乎发现当年的真相。追妻火葬场但是。
主角主要目的：逃离摆脱男主，追求幸福人生
经历阻碍事件：
1-女主在女2诡计下喝下下了药的水，被女配推进去和男主上床。
2-女主发现自己怀孕，本来欣喜想告诉男主，得到的却是男主冰冷的厌恶，女主预约黑诊所流产，心死对医生说孩子爸爸已经死掉
3-女2男主反复用胎儿导致女主多丑多难看不受祝福之类侮辱女主，甚至动手，导致女主流产，男主内心震荡之际，意外遇见当初看见真相的酒店保洁述说真相。","男主：心盲超雄自恋霸道弱精老钱阶级继承人男主
女主： 为爱卑微但被伤害后果断决绝设计师女主
男二：温柔治愈
女二：心机嫌贫爱富绿茶设计师",男主推开女主导致她撞上车门，倒地流产，男主不知所措立刻将女主送往医院，遇上当初酒店保洁，保洁诉说真相。男主不可置信。,"吸睛事件：
素材1：女主男主上床，男主弱精但一次就让女主怀孕，气氛欲色十足
素材2：女主对男主高兴诉说自己怀孕，得到的却是男主厌恶，女主悲伤预约黑诊所流产说孩子爸爸已经死了
素材3：男主女2反复羞辱女主肚子上的妊振纹，甚至动手，导致女主流产，男主内心震荡",通过,通过,通过,通过
40,,,"故事起因：女主自小就在国外，刚回国就被要求跟男主订婚。女主想了解男主为人，以习实生身份进入男主名下公司，女配冒领她身份，女配舔狗欺负她
主角主要目的：了解男主，打脸众人
经历阻碍事件：
1-女配冒充首富之女身份，穿着低调的女主遭受职场霸凌
2-宴会上女主被质疑身份，被扔出宴会厅
3-女主身份曝光，女配不甘唆使舔狗给女主下药","男主：霸总。扮成小助理进新公司，想了解女主为人
女主： 首富之女扮实习生
男二：女配舔狗
女二：跟女主同一天进公司，冒充首富之女身份，实际是女主家佣人（或者保安）的女儿",一卡女主宴会被欺辱，自曝身份（期待打脸反派）,"吸睛事件：
素材1：女主项目做出的成绩被女配抢走，女主要说法，被女配舔狗欺辱，男主暗中配合女主打脸女配
素材2：公司某高管举行宴会，特地给首富之女发了邀请函。女主应邀参加，被冤枉偷邀请函。舔狗、同事对女主泼酒扇巴掌等。女主自曝身份，配角脑补不信，女配跟佣人母亲打配合，女主身份被否定，再次受辱
素材3：女主发现男主就是家族安排的联姻对象",通过,通过,通过,通过
41,,,"故事起因：女主男2青梅竹马，本来深爱男2，但嫁给男2之后被男2出轨闺蜜私奔3年，甚至将一屁股烂账留给女主，女主为了拯救过自己生命的男2母亲遗愿忍着没跟男2解除婚姻，担起烂摊子，但包养了意外认识的黑帮教父男主，男主认为女主有趣所以没跟女主透露过身份。男2女2携胎归来，女主忙着回去收拾男2女2于是跟男主提出分手，男主不可置信。男2女主在宴会竞争同一个项目要讨好神秘的黑帮教父，女2男2不停羞辱女主，男主及时出现“谁准你们动我的女人？”。男主对女主生理性喜欢，但气愤她对自己玩玩而已，于是双方展开拉扯，越睡越爱，女主利用男主身份完成阶级跃迁，成功拥抱幸福。
主角主要目的：打脸男2女2，驯服男主一方面实现阶级跃迁一方面得到男主真爱
经历阻碍事件：
1-女主跟男主睡觉。第二天一脚把男主踹下去说“我老公要回来了”
2-女主被男2和怀孕女2联手羞辱，刚强反击
3-女主在宴会被男2羞辱，无力回天之时，男主及时带着一帮马仔霸气出现，“谁准你们动我的女人？”","男主：霸气黑帮教父，觉得有趣隐瞒身份当女主包养的男模
女主： 性感果断欲色十足女主
男二：小白脸渣男
女二：勾引男2小白花携胎归来",女主被羞辱，所有人都不站她这边之时，真正掌握这场宴会的霸气黑帮教父男主携马仔出现，直接一枪崩掉在场跳的最欢的人的脑袋，众人噤若寒蝉之际，男主霸气开口缓慢说“谁准你们动我的女人？”（期待男主怎么维护女主。打脸男2女2）,"吸睛事件：
素材1：女主慵懒把男主踢下床说""我老公要回来了“
素材2：男主在女主离开后马仔进来说要不要做掉女主，男主摆手说火拼事宜，霸气之色尽显，玩味说女主很有趣
素材3：女主被羞辱，男主霸气出现救场",通过,通过,通过,通过
42,,,"故事起因：一场意外女主跟渣男养妹体检报告混淆。路过妇产科医院，女主偷听到两人正在备孕，养妹居然是渣男的情人，而他们正盼着她死，吃她绝户，领取巨额保险
主角主要目的：复仇渣男，手撕小三
经历阻碍事件：
1-渣男他们想方设法让女主的胃癌扩散
2-渣男和养妹不信女主有个有钱要死的富豪小舅
3-女主推迟遗产继承，渣男怀疑是女主阴谋","男主：某城首富，影视公司大老板，女主儿时邻居。视察工作时被女主当成临时演员，演女主远走国外功成名就的小舅 。男主发现女主没认出她，隐藏身份，助力女主
女主： 设计总监，有头脑
男二：渣男出轨爱钱
女二：渣男白月光，以养妹身份借着养病，暂住渣男家",一卡卡在养妹怀疑得胃癌的是自己，去医院检查，医生给结果的时候,"吸睛事件：
素材1：养妹气，觉得女主诅咒她得胃癌，扇女主巴掌，结果自己吐血
素材2：渣男养妹扇女主质问遗产事情为什么没消息，追债的上门，养妹被灌辣椒水（女主设计）
素材3：遗产继承大会，渣男他们以为对财产势在必得，结果“小舅”宣布遗产捐给慈善会，渣男发现这些是演戏，发疯羞辱女主，被女主反打脸",不通过,通过,通过,不通过
43,,,"故事起因：男主妈妈为了让男主认清现实给钱买通女主让其勾引男主再借男主没钱的理由甩掉男主。女主的妈妈卧病在床需要大笔资金，外面还欠债许多，女主为了钱无奈答应男主妈妈签下合同，跟男主产生感情，假戏真做不想脱离男主，但为了妈妈还是离开男主，结果意外发现自己怀孕，生下了孩子独自抚养。5年后，男主妈妈满意的给男主介绍恶毒女2，期望女2和男主在一起，男主虽然被女主伤害但内心还是放不下女主，意外遇见女主，一边伤害女主一边渴望女主，女2醋意大发反复羞辱女主，女主无奈只能承受，但男主纠结之时得知了女主成为妈妈的消息。
主角主要目的：拯救母亲，得到幸福，弥补男主
经历阻碍事件：
1-男主妈妈用女主妈妈威胁女主按合同离开男主
2-女2在游泳馆故意将女主按下水池，导致女主溺水，女主被女2男主狠狠羞辱
3-男主女2在公司羞辱保洁员女主之后，男主意外听见小孩叫女主妈妈","男主：霸道老钱阶级ceo
女主： 柔弱但坚韧
女二：恶毒千金大小姐",男主羞辱女主心疼准备收手之时，听见女主孩子出来叫女主妈妈，并且说出了自己名字是当初男主女主一起取给自己孩子的名字。男主不可置信问“这是我们的孩子？”（期待男主知道女主独自生育两人血脉后会爱护女主，误会解除）,"吸睛事件：
素材1：男主妈妈主动给钱要女主勾引自己儿子
素材2：女主为了妈妈迫不得已羞辱男主分手之后发现自己怀孕
素材3：女2男主羞辱女主，男主心碎决定收手之际，女主孩子出来叫妈妈",通过,通过,通过,通过
44,,,"故事起因：五年前男女主相爱，女主怀孕想要告诉男主，男主却先天心脏病发作进医院，男主爷爷找上门，说男主是豪门继承人，让女主和男主分开，并威胁女主家人， 最后爷爷提出要带男主出国治疗。女主忍痛答应，和男主分手，嘲笑男主穷，言语伤害男主，两人就此分开，女主独自生下孩子抚养。五年后，男主归国，女主为了给孩子治疗心脏病，到处兼职筹钱，一次意外，女主在酒吧驻场的时候碰上男主，两人就此展开纠葛。
主角主要目的：男女主解除彼此误会
经历阻碍事件：
1-男主报复女主当初离开他
2-女二从中作梗，让男女主之间误会加深
3-","男主：深情霸总，深爱着女主
女主：坚韧坚强
男二：女主女儿的医生，暗恋女主，想要上位
女二：男主家里安排的联姻对象，得知女主存在后各种使坏",女主为了不让儿子被赶出幼儿园，跪下给男主擦鞋,"吸睛事件：
素材1：女主查出怀孕，正要告诉男主，男主心脏病发作进医院，爷爷出现让女主和男主分手
素材2：女主对男主决绝说分手，男主凄惨追车。多年后再相遇，女主酒吧兼职，遇到男主，男主用钱侮辱女主。
素材3：男主侄子在幼儿园里和女主儿子发生争执，男主误以为儿子是女主和别的男人生的，十分愤怒，表示要把女主的儿子赶出幼儿园，女主哀求，男主让女主擦鞋",通过,通过,通过,通过
45,,,"故事起因：女主和男友发生车祸，男友身亡，但尸体下落不明。女主伤心欲绝，始终不愿意相信男主死了，两年后女主意外发现首富之子（男主）长得和男友一模一样，女主费尽心思靠近男主并且嫁进了豪门。男主一直觉得女主嫁给他别有用心，虽然所有人都说女主爱男主，但男主就是厌弃女主，并且百般折磨她。直到后来男主知道女主把他当做白月光替身，内心破防。而女主也意外得知男友没死，车祸后毁容，女主决定重新归回男友身边，和男主离婚，男主追妻火葬场。
主角主要目的：打脸男主
经历阻碍事件：
1-男主虐女
2-男二整容归来，要夺男主家产，破坏男女主感情
3-女二在男女主之间从中作梗","男主：对女主爱而不自知，嘴硬傲娇的富二代
女主：坚强隐忍
男二：爱女主，但更爱权势金钱
女二：为了上位不择手段",白月光和女主共同掉水里，男主选择白月光,"吸睛事件：
素材1：女主和怀孕的白月光共同掉到水里，女主怕水，男主却选择白月光
素材2：男主和白月光在宴会上出现，男主故意羞辱女主，说她不配做他的妻子
素材3：女主没有因为男主的绝情难过，依旧尽心尽力的照顾男主，女配制造车祸杀害女主，女主和男主一起出车祸，男主意外得知男配的存在， 叫人调查资料，即将看到男配的脸",不通过,通过,不通过,不通过
46,,,"故事起因：女主本是首富千金，隐藏身份嫁给男主，男主却执意认为是女主害了女配，伪造证据让女主背负巨额债务，女主被害死。两人一起重生到十年前，男主决定保护白月光，女主觉醒开启复仇之路
主角主要目的：女主打脸复仇，男主保护女配报复女主
经历阻碍事件：
1-男主拔女主氧气管
2-男女主重生，女配污蔑女主
3-男主自以为自己是金牌销售，虐女主","男主：渣男，为了给女配报仇不择手段
女主： 首富千金，重生觉醒
男二：暗恋女主，深情多金
女二：捞女",女主被放贷人按在地上打，女主的首富爸爸赶到,"吸睛事件：
素材1：女主重病还想给男主庆生，被男主拔氧气管
素材2：年会现场女主被扇耳光羞辱
素材3：男主以为自己是金牌销售，揭开榜单打脸",通过,通过,通过,通过
47,,,"故事起因：从小就是孤儿的女主被男二家里接走给男二作伴，前几年女主被男二和男二母亲宠爱，没过多久女二出现，男二变心维护女二，在这时女主的亲生父亲找来，女主回富豪家当千金，并和大佬男主结婚，打脸男二女二，和男主先婚后爱。
主角主要目的：女主看清男二渣男本性，清醒回头，决定离开男二家；男主对女主一见钟情，和女主结婚，给自己一年时间让女主努力爱上自己，否则就放女主自由
经历阻碍事件：
1-男二和女二对女主的针对和陷害
2-女主对男主的喜欢不知情，误以为自己是替身
3-和废柴弟弟争夺家族公司和家产","男主：大佬总裁，对女主一见钟情
女主：因为被男二母亲宠着，想打就打不忍的性格，看清男二本性清醒得很快，不相信男人后面被男主感动爱上男主
男二：死渣男，发现女主真的喜欢男主后又后悔
女二：男二家保姆的女儿，想要嫁给男二上位",卡在女主被男二女二狂虐受伤，男主在这时候出现救走女主。,"吸睛事件：
素材1：男二家宴会，男二和女二一起奚落女主，要赶走女主，女主不客气回击
素材2：富豪在宴会上公开女主的千金身份，震惊女二男二
素材3：女主误以为男主有白月光，自己还是替身，很生气找男主摊牌",通过,通过,通过,通过
48,,,"故事起因：男主受重伤需要输血，女主给男主输血后被母亲叫回去，女二冒领女主输血功劳。女二给男主下药，差点被发现就把罪名推给女主，女主和中药后的男主上床，男主误以为女主心机，厌恶女主，但被家里逼迫和女主结婚。
主角主要目的：女主逐渐对男主失望心灰意冷要跟男主离婚，之后让男主后悔打脸男主
经历阻碍事件：
1-女二冒领女主给男主献血的功劳，女主因为献血患上致死的重度贫血症
2-女二陷害导致男主以为女主心机给自己下药
3-女主母亲不喜欢女主喜欢女二，帮助女二刁难女主","男主：总裁，很早就对女主有好感，因为女二的污蔑误会女主认为女主是心机女
女主：原本喜欢男主，但被男主的冷漠态度伤到想要离婚。
男二：身份尊贵，一直在找小时候救了自己的女孩儿（就是女主）
女二：心机女，实际上是女主同母异父的姐姐，根本不是富家千金，跟女主和男主的血型也不一样",卡点卡在男主即将知道女主才是当年给自己献血的人，追妻火葬场,"吸睛事件：
素材1：男主受重伤，女主给男主献血，男主醒来后看到的却是假装虚弱的女二
素材2：女配在男主面前装可怜，男主维护女配，把贫血的女主打倒在地，男主带女配走后，女主晕倒
素材3：女主被男主和心机女虐得很惨，男二出现英雄救美带走女主",不通过,通过,通过,通过
49,,,"故事起因：女主和男主结婚后，为了备孕暂时将公司交给男主打理。男主的新助理却以为女主是普通家庭主妇，觉得女主配不上男主，想趁机上位。刚好女主怀孕，来公司给男主报喜，因为长相打扮出众，被助理误认为是小三。于是，助理拿着鸡毛当令箭，瞒着男主逼女主打胎，女主不从，就折磨女主，活活打掉女主肚子里的孩子。之后男女主各自想办法报复助理，犹豫信息不互通，引发了信任危机，但最终助理遭到报复，男女主解开误会，和好如初。
主角主要目的：女主替孩子报仇，怀疑这一切都是男主的意思，调查男主是不是背叛了自己。
经历阻碍事件：
1-女主无法自证身份，被迫受尽屈辱。
2-女主失去孩子，对男主失去信任。","男主：总裁，宠妻护妻
女主：为了备孕暂别工作
女二：想要小三上位的助理",女配用棒球棍打女主肚子，男主拉开会议室大门,"吸睛事件：
素材1：女主被当做小三，无法自证
素材2：女配用高跟鞋踩女主肚子，害女主流产
素材3：女主调查男主，听到男主和女配调情",不通过,通过,通过,通过
50,,,"故事起因：女主的父母为救男主和男配一家去世，男主家因为忙着处理公司的问题，慢了一步找女主报恩，因此女主被男配母亲收养，和男二男三一起长大，还约定长大后嫁给其中一个。三人感情甚笃，但后来男配家出事，女主被保姆的女儿诬陷，遭到全家人的误会，从此受尽委屈。男主母亲得知女主近况，撮合女主嫁给原本就喜欢女主的男主，女主对男配一家心灰意冷，和男主闪婚。之后男配一家得知了女配的真面目，统统火葬场，来到女主婚礼上祈求女主原谅，回到自己身边，但为时已晚，女主拒绝，从此和男主一家幸福生活。
主角主要目的：远离男配一家，洗清冤屈，收获幸福。
经历阻碍事件：
1-女主被女配陷害，不仅差点没命，还被家法处置。
2-女主男主婚礼上，男配一家火葬场，求女主原谅，争先恐后替女主挡刀。","男主：总裁，暗恋女主，宠妻
女主：父母双亡的普通女孩
男二：豪门长子，喜欢女主，但被女配蒙蔽
男三：豪门次子，喜欢女主，但被女配蒙蔽
女二：想挤走女主上位的保姆女儿",女主心灰意冷，决定离开男配家，单方面取消自己和男配家的婚约，还告诉众人自己要结婚了，邀请众人来参加婚礼。,"吸睛事件：
素材1：男配家出事，女配偷东西被女主发现，却反遭冤枉，被男配全家误会
素材2：女主和女配地位对调（小姐变佣人，佣人成小姐）
素材3：女主婚礼上，男配全家火葬场",通过,通过,不通过,通过
51,,,"故事起因：女主总裁夫人，男主总裁，女主妹实习被打成植物人，女主决定亲自潜入公司调查真相，面对势利眼同事的为难女主霸气反击，最终找出真相打脸众人
主角主要目的：女主替妹复仇
经历阻碍事件：
1-同事欺负女主
2-女配试图倒贴男主
3-女配想把女主赶出年会现场","男主：公司总裁，女主老公
女主： 总裁夫人，女强人
女二：倒贴男主，欺凌女主妹的女同事",女配想把女主赶走，男主赶到,"吸睛事件：
素材1：众保镖对打扮朴素的女主喊夫人
素材2：女主入职被同事看不起
素材3：年会现场，女配试图倒贴男主并把女主赶走",不通过,通过,通过,通过
52,,,"故事起因：女主替丈夫顶罪入狱，因救助男主获得减刑，女主提前出狱，却发现丈夫早已出轨，儿子被小三害死。女主为查清真相并复仇，在男主的帮助下化身总裁夫人，展开打脸复仇
主角主要目的：女主查清儿子被害真相，向丈夫复仇
经历阻碍事件：
1-女主提前出狱，回家却目睹丈夫活春宫
2-女主找儿子却只看到骨灰盒
3-小三交代监狱苛待女主","男主：商业大佬，公司总裁
女主： 恋爱脑囚犯，后化身总裁夫人
男二：女主前任老公，渣男
女二：女主老公出轨对象",女主化身总裁夫人登场渣男宴会,"吸睛事件：
素材1：女主目睹渣男女配活春宫
素材2：女主收到儿子骨灰盒，得知儿子被女配欺凌致死
素材3：女主化身总裁夫人登场",通过,通过,通过,通过
53,,,"故事起因：女主被相恋八年的未婚夫和家里收养的养女女配带去郊外庆祝生日，下大暴雨，男配女配陷害女主摔下山崖，女主腿部受伤，周围人际荒凉，女主努力自救。另一边女主父亲得知女主坠崖生死未卜吓得晕过去，渣男和女配演戏想要抢夺女主家族继承人的身份，关键时刻，女主回归，反击男配女配
主要目的：
经历阻碍事件：
1-女主腿受伤，在荒凉的悬崖下努力自救，靠损坏车子里的仅有物资活命
2-渣男和女配企图抢走女主继承人的身份，抢走女主家公司
3-女主父亲深陷女主死亡的痛苦，不顾男主劝阻，要把继承人的位置给女配","男主：女主事业上的助手，坚信女主一定还活着
女主：家族企业的唯一继承人
男二：是女主相恋八年的未婚夫，虚伪渣男，早就出轨女配
女二：女主家好心收养的孤女，假意对女主好，企图霸占女主继承人的身份",卡点卡在女主努力走出荒凉的丛林，惊喜看到前面有人呼救（实际上是要钱威胁女主的坏人）,"吸睛事件：
素材1：女主喝下迷药后昏沉醒来，就发现自己坐在急速行驶的车子上，车子故障根本停不下来，她在惊恐之下和车子一起摔下山崖
素材2：渣男和女配陷害完女主笃定女主死透了，回来开记者会卖惨
素材3：女主腿部受伤，身体虚弱，她拼命呼喊渣男女配，后来逐渐意识到是他们陷害自己，痛苦不甘",通过,通过,不通过,通过
54,,,"故事起因：女主为给得癌症的母亲凑够手术费，答应男主奶奶的要求，嫁给弱精症男主为男主家怀上继承人。得癌症的母亲去世后，女主发现自己怀孕，想要生下肚子里的孩子独自抚养。八个月过去，女主好赌的父亲把女主的钱卷走，女主只好挺着肚子出去打工，这时，恶毒男配女配出现陷害女主，苏醒后的男主挺身而出救了女主。
主角主要目的：女主想要生下肚子里唯一的亲人；男主喜欢上怀孕的女主，还想让女主和她老公离婚。
经历阻碍事件：
1-男女主互相不知道对方的身份
2-女主需要挺着大肚子赚取收入
3-恶毒男配和女配对女主的针对和陷害","男主：大佬总裁，有弱精症，一直以来从心理上抗拒女人的靠近
女主：傻白甜女主
男二：对女主告白被拒绝后破防的渣男男配
女二：女主大学同学，上位不成怨恨女主的恶毒女配",卡在女主遭遇配角陷害，无助之下不得已要打给孩子爸爸求助，外边男主的手机响了起来,"吸睛事件：
素材1：女主需要给母亲凑齐医药费，男主奶奶出现，要女主给弱精症男主生下继承人，女主忍受屈辱答应
素材2：男主被美女环绕，却偏偏被清新脱俗的女主吸引
素材3：众人都以为女主肚子里孩子的爸爸是个穷小子，实际上是男主，真相大白打脸",不通过,通过,通过,通过
55,,,"故事起因：女主单方面向男主提出离婚，签下离婚协议，恢复千金身份，回到医院救死扶伤。男配为了救患病的女配，找到身为国际名医的女主，让女主替女配做手术，结果女主的病人和女配恰好在等同一个肾源（女主的病人优先），女配想先做手术，让男主帮自己抢肾源，女主作为主治医生，为病人捍卫权益，坚决不肯退让。在这个过程中，男主逐渐对女主动心，女配率先发现女主的身份，屡次冤枉女主，还说女主是因为嫉妒自己和男主的关系，才不肯给自己手术，不肯把肾源让给自己。男主信了女配的话，一方面心疼女配的遭遇，一方面又暗爽女主为了自己吃醋，直到看到女主被众多优秀男人纠缠，男主才感受到危机，开始追妻火葬场。
主角主要目的：女主离婚后发展事业，男主爱上女主，追妻火葬场。
经历阻碍事件：
1-女主被女配诬陷，男主眼盲心瞎，相信女配。
2-女主要离婚，离婚协议书被男主撕掉。
3-女主被女配找人抓走，打算轮奸拍视频。","男主：总裁，不喜欢爷爷强行给自己安排的妻子（女主），却对成为医生的女主动心。对女配有愧疚感，所以处处照顾她偏袒她，前期气人担当
女主：隐瞒身份嫁给男主的富家千金，冷静果断
男二：女主没有血缘关系的哥哥
女二：男主的救命恩人，一直想上位",女主为了保住病人的肾源，去找男主爷爷，却被告知男主已经到楼下了，即将与男主碰面。女主很紧张，怕男主误会自己是因为妒忌才要和女配抢肾源。卡点在男主开门的瞬间。,"吸睛事件：
素材1：女主离婚，并拒绝男主给的赔偿，摇身一变成为知名医生
素材2：男主得知女主身份，撕毁离婚协议书，女主一怒之下离开，男主追出去，两人被困在电梯里，女主幽闭恐惧症发作，被男主护在怀里
素材3：女主被绑架，男主英雄救美，受了重伤",不通过,通过,不通过,通过
56,,,"故事起因：学生时代的女主在会所兼职时，意外和被下了药的男主一夜情，生下儿子。六年后，女主进入男主的公司工作，又一次与被下药的男主发生关系，事后男主表示要对女主负责，女主坦白自己单亲妈妈的身份，拒绝男主负责的想法，男主反而因此对女主产生好感。两人经历各种事后相爱，男主带女主和儿子回家见父亲，最终发现女主的儿子就是自己的儿子，一家人相亲相爱。
主角主要目的：女主意外产子，独自带大儿子，和男主重逢，相恋。
经历阻碍事件：
1-女主和男主一夜情后，男主要负责，女主坦白自己是单亲妈妈。
2-女主儿子生病，男主让女主带儿子来公司上班，结果被女配误会，女主想借儿子跟男主攀关系上位，趁女主工作时谋害女主儿子。
3-女主儿子被女配害进医院，情况危急，女主为了儿子去找正在给男主父亲看病的院长，却被女配阻拦。","男主：总裁，鉴婊达人
女主：单亲妈妈，走失的真千金
女二：豪门养女，喜欢男主，想上位",女主儿子被女配为了会导致过敏的草莓，又被锁进储物间，危急关头，男主出现，一脚踹开门。,"吸睛事件：
素材1：男女主一夜情后，男主要负责，女主坦白自己是单亲妈妈
素材2：女主儿子被女配喂了会导致过敏的草莓，又被锁进储物间，危急关头，男主出现，一脚踹开门
素材3：女主儿子被女配害进医院，情况危急，女主为了儿子去找正在给男主父亲看病的院长，却被女配叫人赶走",通过,通过,通过,通过
57,,,"故事起因：女主因为无法忍受丈夫男主的控制而假装出车祸落水失踪，逃离后遇到男二，男二得知女主的遭遇，决意帮女主，带女主去整容换脸。男主苦寻妻子，发现了换脸后的女主，感觉熟悉，怀疑女主身份，一直在试图把女主抓回去
主角主要目的：女主：摆脱男主 男主：找到女主 男二：帮女主摆脱男主
经历阻碍事件：
1.女主数次险些被男主发现（平替其他事件）
2.男二找了具尸体冒充女主，被男主识破，把女主强行抓回去，女主逃跑，失败
3.女主找出男主的违法证据，告发男主，男主被警方带走，结果没两天就放出来了，又来找女主
4.女配嫉妒女主，雇凶杀女主，男主救了女主，自己牺牲","男主：女主丈夫，病娇疯批黑手党教父，很爱女主，占有欲和控制欲非常强
女主：男主妻子，爱过男主，但无法再忍受婚后男主的控制，一直试图摆脱男主
男二：总裁，女主的旧识，暗恋女主",男二带换脸后的女主去购物，男主也来了，看到女主,"吸睛事件：
素材1：男主对女主的高压恐怖控制
素材2：女主假装出车祸落水失踪，被男二所救，男二为女主整容换脸，女主以男二妻子的身份留在男二身边
素材3：男主差点发现女主身份",不通过,通过,通过,不通过
58,,,"故事起因：男主出身豪门，却意外和女主相识相爱，但因为不相信爱情，隐瞒身份还装病试探女主，但女主并没有因此离开男主，反而努力打工给男主筹手术费，甚至还为了钱，给同样是豪门出身的女配捐肝，结果在会所做兼职时，意外得知男主根本没病，而自己捐肝的女配是男主的青梅竹马，家里还打算让两人结婚。女主心灰意冷，和男主分手，却被男主缠上，因此几次三番被女配陷害羞辱，差点送命。男主得知女主为自己所做的一切后，追悔莫及，开始追妻火葬场。
主角主要目的：女主为男主筹手术费，得知男主骗自己，毅然分手，重新生活。男主追妻。
经历阻碍事件：
1-男主装病，女配故意说要替他试探一下女主，以此为借口当街羞辱女主，并拍下视频。
2-女主在会所得知事情的全部真相，男主没认出女主，但女配认出了女主，因此故意羞辱，并且说了很多让女主误会男主的话。
3-男主迫于家里压力，和女配订婚，女配故意将女主骗来现场，污蔑女主企图破坏订婚宴，令两家长辈厌恶女主，还派人把女主打进医院。","男主：总裁，不相信爱情，总是想要试探女主的真心
女主：普通女孩，真爱至上，付出型人格
男二：女主青梅竹马，喜欢女主，医生
女二：男主青梅竹马，喜欢男主，总是借“妹妹”的身份立场，说服男主同意自己以测试为名羞辱女主",女主在会所得知真相，还被女配认了出来，女配故意不让男主看到女主的脸，让众人羞辱女主，女主却以为男主也认出了自己，是故意让女配和众人折磨自己，最终女主不堪受辱，质问男主这样对待自己有意思吗？,"吸睛事件：
素材1：女主在酒吧得知全部真相，被女配认出来，故意当着男主的面羞辱
素材2：女配把女主骗到订婚宴上，让所有人误会女主是男主小三，来搞破坏，把女主打进医院
素材3：女主向男主坦白一切，男主知道女主为自己的付出，以及女主被羞辱的事情，追悔莫及",通过,不通过,不通过,通过
59,,,"故事起因：女主意外丧夫后，却在葬礼上得知自己的老公竟是首富家的大公子。之后女主怀着孩子被婆婆接回家，先是被小叔误会，但很快误会解决，小叔被女主坚韧的性格感染，逐渐对女主动心，但女主碍于双方的叔嫂关系，一直很克制自己的感情，不过经历几次危机之后，女主决定放下过去，正视自己的内心，在婆婆的支持下，和小叔结为连理，组建新的家庭。
主角主要目的：女主丧夫后，被婆婆接回夫家，和小叔产生感情。
经历阻碍事件：
1-女主在丈夫的葬礼被家里人逼着打胎。
2-女主在宴会上差点被女配害流产。
3-女主被女配和弟弟联手绑架。","男主：总裁，女主小叔，被女主吸引后，冷脸追妻
女主：寡妇，男主嫂嫂，怀着旺夫的孩子，自强不息
女二：女主婆婆，宠爱女主，撮合男女主
男二：女主弟弟，唯利是图，想要榨干女主的全部价值",家里人把女主卖给老光棍，老光棍不想给别人养孩子，女主疯狂反抗，逃跑，被弟弟抓回来，就地打胎。卡点在男主带着保镖，开着豪车来救女主。,"吸睛事件：
素材1：男主陪女主做产检，被误会是女主老公，还被医生要求两人亲密接触
素材2：女主在宴会上因为穿着普通，被女配误会身份，陷害羞辱
素材3：女主在丈夫的葬礼上被家里人逼着打胎，婆婆登场救人",通过,通过,通过,通过
60,,,"故事起因：女主为了拿到奶奶的医疗费，答应女配家的要求，替女配嫁给双腿残疾的男主，见到男主的第一眼就对男主一见钟情，在心里默默喜欢男主。女配早期间接害死了男主母亲，男主因此厌恶替女配嫁过来的女主，以为女主就是女配，对女主态度很差，恨不得杀了女主。
主角主要目的：女主对男主一见钟情，想要保护他对他好；男主要应对虚伪家里人的针对
经历阻碍事件：
1-男主误会女主就是当年间接害死自己母亲的女配，对女主态度很差
2-女主为了奶奶的医药费不得不听从女二和男二的一些命令，更被男主误会
3-","男主：原本是家族继承人，因为一场车祸双腿残疾被家里放弃，实际上掌握神秘大集团的权力
女主：和奶奶相依为命，为了医药费替女配嫁给男主，因为医药费，也不能够跟男主解释
男二：和男主争夺家产的继弟
女二：原本想嫁给男二成为总裁夫人，后来发现男主真实身份，又想勾引男主",卡在男主即将知道女主并不是间接害死自己母亲的女配，后悔自己曾经那么欺负女主,"吸睛事件：
素材1：男主因为腿部残疾被人羞辱欺负，女主出现保护男主，赶走那些纨绔
素材2：女配家反悔不给女主医药费，女主和女主奶奶被医院医生护士驱赶，关键时刻男主前来帮助女主
素材3：女配发现男主真实身份不一般，想要陷害女主，自己重新嫁给男主",不通过,通过,通过,通过
61,,,"故事起因：女主女配被女配父亲掉包之后，又被小时候的男主调换回来。二十年后，女主和男二即将订婚，女配找上女主家，提出和女主父母亲子鉴定，造假结果，顶替女主真千金身份，女主父母和男二相信女配，男二也要跟女主退婚和女配在一起。
主角主要目的：女主被假千金女配陷害，努力自证清白
经历阻碍事件：
1-能证明女主身份的男主还在国外
2-女配弄出的亲子鉴定是假的，女主父母相信之后就不会再做和女主的鉴定
3-女配多次诬陷女主，所有人都相信女配不相信女主","男主：女主父亲朋友的儿子，小时候将女主和女配调换回来，后来出国，归国成大佬总裁
女主：真千金 
男二：豪门公子，只想和真千金联姻，后来意识到女主才是真千金又后悔
女二：心机恶毒女配，假千金",卡在男主回国发现女主被赶出家门，找上女主家，告诉女主父母当年真相,"吸睛事件：
素材1：二十年前，女主母亲和女配母亲同时生下女儿，女配父亲心生歹念，偷偷调换女主女配，五岁男主看到，又换了回来（跟对标剧的病房调换做区别，可以是婴儿室或者其他地方。）
素材2：女主父母和男二都相信造假的亲子鉴定，虐打女主，把女主打得遍体鳞伤（重点放在男二对女主的欺辱）
素材3：女主被赶出家门，男主回国后得知消息，着急赶到女主家要告知女主父母真相",不通过,通过,通过,通过
62,,,"故事起因：女主父母曾经救过男主，女主父母双亡后，男主领养女主。两人爱上彼此，女主勇敢表白，但男主碍于道德伦理不接受女主，甚至找来女配联姻，来断了女主的念头。女主心灰意冷，没想到遇到男主被下药，两人发生关系，女主怀孕，男主却不记得。女主想离开男主，独自抚养孩子，没想到出现意外，暂时不能离开……
主角主要目的：女主：深爱男主，但知道男主有未婚妻后，还是选择离开不再纠缠；男主喜欢女主，但嘴硬不说，不愿意让女主离开，想把女主捆绑在身边
经历阻碍事件：
1-女主想把自己亲手做自己跟男主的亲密雕像送给男主，撞见男主和女配亲热
2-男主跟女主发生关系却忘记，女主怀孕想告诉男主，一直被打断
3-男主纵容女配污蔑女主，断送女主的职业生涯
4-男主误会女主的孩子是别人的，女主被害流产","男主：35岁，女主的领养人，名义上的养父，但女主叫他叔叔。喜欢女主但嘴硬不承认故意找人联姻，断女主的念想，但自己又舍不得放女主走
女主：20岁，雕塑系天才，父母双亡，因为男主过分溺爱，前期天真烂漫，和男主有很多亲密行为，喜欢男主勇敢表白，后期知道男主有未婚妻后，断了念想，想要逃离，懦弱又为了孩子坚强
女二：30岁，男主的未婚妻，害怕男主真的会跟女主一起，一直针对女主，陷害女主
男二：25岁，喜欢女主，暖心男二",男主和女主发生关系,"吸睛事件：
素材1：女主想送男主雕塑做礼物，亲眼看到男主和女配亲热，丢下雕塑离开
素材2：女主的雕塑展，雕塑被女配偷偷换成女主做的跟男主的双人雕像，女主被嘲讽妄想跟养父在一起不要脸，男主也觉得女主的行为越线了生气，责备女主，要女主以后不准再做雕塑，女主解释，被男主推开，女主摔倒雕塑被打碎
素材3：男主在女配家喝醉，回家想找女主道歉，药效发作，和女主发生关系",通过,不通过,通过,通过
63,,,"故事起因：女主父亲为了回家给女主过生日，车速过快发生车祸，撞死了很多人，男主的母亲因为生病在救护车上，治疗延误抢救无效死亡。女主觉得是自己的问题，不敢再跟男主交往，用嫌弃男主没钱为借口跟男主断崖式分手。之后一直在默默赚钱，补偿那些无辜的家庭。男主不甘心被女主抛弃，寻找女主多年，再次在一场聚会上相遇，男主看到女主跟不同的人逢场作戏，误会女主……
主角主要目的：女主：不敢跟男主在一起，一心只想赚钱补偿那些受害者家庭；男主：深爱女主，但是又不甘心做舔狗，却又忍不住关心女主
经历阻碍事件：
1-女主因为自己的父亲害死男主的母亲，内疚，跟男主分手
2-男主多次看到女主为了钱，跟多个男人虚与委蛇，误会女主拜金，拿钱羞辱女主
3-两人即将破镜重圆，女主发现自己得了重病，不想拖累男主，气走男主后，晕倒","男主：（何以琛性格）总裁，唯爱女主，面冷心热，表面对女主毒舌，实际上一直在关心女主
女主：（赵默笙性格）律师，前期追求男主热情奔放，后期因为愧疚不敢面对男主，在别人面前落落大方，在男主面前唯唯诺诺",男主将女主和自己关在一个房间里，质问女主为什么离开自己,"吸睛事件：
素材1：男主故意将女主和自己锁在一个空间里，女主害怕求助，男主逼问离开自己的原因
素材2：女配故意带着男主亲戚家熊孩子欺负女主，倒打一耙跟男主告状，男主修理熊孩子和女配，跟女主邀功
素材3：女主发现自己得了重病，男主想跟女主求婚，女主不想拖累男主，拒绝男主后晕倒",通过,不通过,通过,通过
64,,,"故事起因：女主一家参加宴会，渣男发现猥琐男多看了女主两眼，便想把女主送给猥琐男，顺便PUA女主，被男主听到。女主在酒店房间内，男主告知女主真相，女主不相信恐慌下打伤男主逃离，无意间发现后妈出轨渣男，恼怒，想要揭穿二人的阴谋。男主得知女主被后妈算计，想去看好戏，但还是间接性帮助了女主，女主知道了男主的身份，想跟男主合作。两人一拍即合成为地下情人……两人联手智斗渣男和后妈，女主渐渐成长，转而守护男主
主角主要目的：女主：报复后妈和渣男，成长搞事业，跟男主相互救赎；男主：保护女主，爱上女主
经历阻碍事件：
1-女主告诉父亲后妈的阴谋，后妈诡辩，父亲不相信女主
2-男主被仇家追杀，女主被绑架
3-男主为了保护女主重伤，不愿见女主，跟女主提分手","男主：表面总裁，隐藏身份是黑帮继承人，凭欲望做事，不懂爱，馋女主身体，又觉得女主有趣，多次出手帮助女主
女主：集团继承人，误信渣男和后妈，得知真相后清醒，利用男主来报复渣男和后妈，守护公司搞事业
女二：女主后妈，蛇蝎美人，和女主前任勾结，企图夺走女主家的公司，巧言令色哄骗女主父亲
男二：女主前任，恶毒又无脑，每次设计女主都不成功，反被打脸",女主被渣男追赶，男主出场,"吸睛事件：
素材1：女主被渣男送人，险些被侵犯，打伤了男主逃离
素材2：女主告诉父亲跟渣男分手，继母恼怒想加快进度
素材3：渣男想侵犯女主，女主逃离，被渣男追赶，男主出场",不通过,通过,通过,通过
65,,,"故事起因：女主意外发现丈夫出轨自己的闺蜜，争执之下手受伤，渣男用女主的母亲威胁女主净身出户，女主失去一切，不能再做手术。女主得知男主家正在招家庭医生，去应聘，误入男主选妻现场，被当做妻子候选人被选中，跟男主签订契约。因为信息差，两人闹了很多乌龙，加上反派的助攻，渐渐喜欢上彼此
主角主要目的：女主：赚钱给母亲更好的条件；男主：用和女主的契约婚姻来安抚母亲
经历阻碍事件：
1、事件平替，女主被渣男和小三羞辱，男主救场
2、女主对男主产生感情，知道男主已婚，误以为男主是渣男要辞职
3、女主被陷害，被怀疑要伤害男主的母亲","男主：霸总，解决问题干脆利落不喜麻烦，选妻过程中看中女主的简单，契约结婚，即使误会女主拜金，但还是对女主很负责，给钱给礼物干脆利落，替女主出头
女主：外科医生，受伤离婚后，因为信息差自以为成为男主家的家庭医生，对工作尽职尽责，不理解男主的奇怪的言论，但尊重
女二：男二的小三，女主的闺蜜，抢走男二后，故意让女主受伤不能上手术台，频繁搞事
男二：女主的渣男前夫，看到女主的手受伤后，觉得无利可图，无下限欺辱女主",女主被前夫和小三羞辱，男主出场,"吸睛事件：
素材1：女主捉奸丈夫和闺蜜，争执之下受伤离婚
素材2：女主应聘男主家的家庭医生，男主以为是闪婚，两人鸡同鸭讲签协议
素材3：女主被渣男和小三羞辱，男主救场",不通过,通过,通过,不通过
66,,,"故事起因：女主发现渣男出轨暴打渣男后分手，被渣男纠缠，女主遇到男主，向男主求助，逃脱困境，跟男主道谢后离开，却被男主盯上。女配为了赶走女主，陷害女主，男主出手相助，两人在你来我往中渐渐爱上彼此走到一起
主角主要目的：男主：喜欢女主保护女主，让女主找回失去的记忆；女主：摆脱渣男搞事业
经历阻碍事件：
1、女主被陷害，丢掉工作
2、女主险些被渣男侵犯
3、女主在参加庆功宴路上，出车祸","男主：霸总，喜欢女主十年的恋爱脑，找了女主多年，得知女主失忆后，想让女主爱上自己，尊重女主
女主：男二公司的珠宝设计师，因为车祸失忆过，性格直率，有仇当场报
女二：渣男的小三，女主珠宝的代言人，挑衅伤害女主
男二：富二代，花花公子，下半身思考的人，在女主失忆后哄骗女主自己是她男友，想跟女主发生关系，但没得逞",女主差点被渣男侵犯，男主出场,"吸睛事件：
素材1：女主开车参加庆功宴，车子失控，被男主截停，女主重伤昏迷
素材2：女配在医院刺杀女主，被男女主抓包",通过,通过,通过,通过
67,,,"故事起因：前世女主错信渣男前任，被掠夺家产最终身败名裂惨死街头，男主替女主报仇后殉情。重生后，女主回到跟渣男结婚前，得知渣男调换了自己跟他的身份，女主认清渣男嘴脸，选择跟男主携手共进，通过重生获得的信息差努力将属于自己的一切抢回来，故意折磨渣男，让渣男体会到钱色健康皆空的痛苦。
主角主要目的：报复渣男和小三，弥补前世错过男主的遗憾
经历阻碍事件：
1-平替，渣男邀请员工们来家里开party，女主被当佣人指使，女主表明身份，但管家站在渣男那边，女主被嘲讽
2-女主去应酬，被下药
3-女主利用重生的信息差，马甲名声大噪，被女配冒领","男主：女主的未婚夫，一直深爱女主的顶级财团继承人，又大胆又怂
女主：前世：被娇养长大的大小姐，被渣男PUA的顶级恋爱脑，惨死街头；重生后：想报复渣男和小三，虽然不懂管理公司，但一直在努力学习，并且会利用重生前的信息差来抓住机遇，掌握主动权，戏耍渣男和小三
女二：男二养的菟丝花，心狠手辣的绿茶
男二：女主家管家的儿子，PUA女主获得集团总经理的职位，假装集团继承人，谎话精",渣男假继承人身份差点被揭穿,"吸睛事件：
素材1：女主被渣男和小三害得惨死街头，男主出场杀了渣男的小三后，抱着女主殉情，女主后悔自己错过男主错信小人，希望能再来一次机会
素材2：女主在自己的别墅醒来，被渣男邀请同事来家里开party，指使女主给女配跑腿，女主被女配的跟班们嘲讽，女主意识到自己重生了，直接砸了渣男一酒瓶子
素材3：女主离开，众人以为女主是畏罪潜逃，实际上女主找到男主，跟男主表白男主错愕，两人暧昧接吻，女主要男主来抢婚",通过,通过,通过,通过
68,,,"故事起因：男女主家从小就定了联姻，男主出国留学回来，发现女主的订婚对象变成自己的弟弟，男主本想祝福女主，但偶然发现弟弟出轨，女主想分手，男主立刻横刀夺爱让女主跟自己结婚。两人先婚后爱，历经种种事件，最终女主才发现男主原来是一直陪在自己身边的长腿叔叔。
主角主要目的：摆脱家庭和男主弟弟，做独立女性，在职场发光发热，打脸配角，和男主相互救赎
经历阻碍事件：
1-弟弟挑拨男女主关系
2-男主长腿叔叔身份掉马
3-家人逼迫女主和男主离婚","男主：律师，豪门继承人，以资助人的身份一直守护女主（女主的长腿叔叔），在发现弟弟出轨后，勇敢求爱女主。被母亲厌恶的大儿子。
女主：刚毕业步入职场的职场新人，翻译，家境一般，被母亲当做血包，攀龙附凤的筹码。
男二：男主的弟弟，花花公子，被分手后又不甘心，觉得很丢脸想挽回女主，受宠的二儿子",男二险些发现男主撬了自己的墙角,"吸睛事件：
素材1：宣布婚讯后，女主和男主一起目睹男二出轨
素材2：女主被母亲裹挟责打，要她嫁给男二，男主出场救走女主，跟女主求婚，险些被男二看到
素材3：男二对女主死缠烂打，跟踪女主，发现女主跟男主住在一个小区",通过,通过,不通过,通过
69,,,"故事起因：女主女二都身陷火场，女主新婚丈夫男二却救女二不管女主死活，女二说是女主陷害，男二女二包括女主父亲都相信女二，认为女主在撒谎装可怜，女主被虐身虐心，逐渐心灰意冷决定离开
主角主要目的：女主心冷决定和喜欢十年的丈夫离婚，重回事业，打脸配角
经历阻碍事件：
1-男二和女主父亲都不相信女主，女二和女二母亲多次陷害女主
2-女主父亲对女二母亲和女二的偏心，想要女主把手上的资源分给女二
3-众人不相信女主是lx总裁，还以为女主不要脸勾搭上了lx总裁","男主：存在感比较低的男主，暗恋女主多年
女主：奢侈品lx创始人，原本喜欢男二十年，后来死心；亲生母亲早死，父亲再娶，不受父亲信赖和喜欢
男二：女主前夫，认为女主是个心机深沉的坏女人，后来逐渐意识到真相，追悔莫及
女二：女主继母的女儿，白莲花，恶毒女配，多次陷害女主",一卡：女主以lx总裁身份回归，女二男二即将看到女主从接送lx总裁的车子上下来,"吸睛事件：
素材1：火灾现场，女主向跑来的新婚丈夫男二求救，男二却无视她，毫不犹豫将身旁受轻伤的女二抱起带走，女主受重伤伤心欲绝陷入昏迷
素材2：病房内，女二撒谎说是女主陷害自己，所有人都相信女二的话，逼女主带上下跪向女二道歉
素材3：男二用厌恶恶心的眼神看着脸色苍白虚弱的女主，将离婚协议书摔在女主脸上，强迫女主离婚，协议书在女主脸上划破出一条血痕",通过,通过,通过,通过
70,,,"故事起因：身为男主秘书的女主，暗中做了男主情人多年，女主内心期望男主能够娶自己，男主却有了门当户对的未婚妻女配，女主逐渐死心想要离职离开男主，加上好赌母亲逼婚，她不得已选择相亲，却发现自己的生理期延迟许久，像是怀孕的征兆……
主角主要目的：女主想要离职离开男主
经历阻碍事件：
1-女主想要离职离开男主，却遭到男主多次有意无意阻挠
2-男主未婚妻女配、女主好赌母亲和其余炮灰对女主的针对和攻击
3-高高在上的男主没有意识到自己对女主的在乎，次次伤害女主","男主：豪门总裁，家世显赫，内心早已喜欢上女主不自知，默认和门当户对的女二结婚，却认为女二管不着他和女主之间的私事
女主：温柔倔强女主，暗恋男主多年，可因为男主不可能娶自己为妻，逐渐心冷，决定离开男主，却又被好赌的母亲逼着相亲
男二：21章出现，温润儒雅的贵公子，家世不输男主
女二：男主门当户对的未婚妻，观察出男女主之间的关系，针对女主",一卡：男主看到女主干呕，怀疑女主怀孕了，想要强行带女主去妇科检查,"吸睛事件：
素材1：男女主一夜暧昧后，女主想到男主即将和女二订婚，毅然决然提出解除情人关系，要回去相信，男主嘲讽女主找不到男人
素材2：女主肚子不舒服反胃干呕，疑似怀孕，女主母亲骂女主下贱，给女主验孕棒测试有没有怀孕，等待测试结果，女主紧张
素材3：女主在医院遇到男主带着女二在妇科体检，很伤心，被男主撞见在洗手间干呕，男主冷脸质问女主是不是怀孕了",通过,通过,通过,通过
71,,,"故事起因：结婚纪念日当天，女主被丈夫的情人下药算计（钩子，一开始不知道是男二还是女配在的），与陌生人一夜情（男主，但一开始不知道是男主。男女主的设定是从小就认识，学生时代一直是死对头，但是后来男主出国，女主结婚，双强。两人之间还有个男主间接害死女主父母的误会）。女主失去清白，后又得知小三怀孕，彻底心死，提出离婚。但前夫只以为这是女主欲拒还迎的手段。
离婚后，女主摇身一变成为知名画家，渣男前夫重新被女主吸引，上门求和，却发现女主已经和他最讨厌的哥哥（男主）好上了。
主角主要目的：女主离婚，恢复原本的生活。
经历阻碍事件：
1-女主在结婚纪念日疑似被丈夫下药和陌生人一夜情。
2-女主回家找男二离婚，撞见男二和女配在乱搞。
3-女主污蔑陷害女配，遭到网爆。","男主：总裁，有勃起障碍，对除了女主以外的女人都没有兴趣
女主：离婚前家庭主妇，离婚后各类马甲（前期主要是画家和作曲家）
男二：女主前夫，出轨男，被离婚后的女主吸引，追妻火葬场
女二：女明星，小三上位，给女主下药，导致她和男主一夜情","一卡A方案：女主为了拿回婚戒和男二离婚，去找一夜情对象，发现是男主。应男主要求和男主在办公室暧昧缠绵，男二突然找上门。女主想躲，男主不让，眼看男二就要推门进来。
一卡B方案：女主拿回婚戒，回家找男二离婚，撞见男二和女配乱搞。女主递上离婚协议让男二签字。男二签字时看到女主身上的暧昧痕迹，占有欲爆发，打算就地强暴女主，女主挣扎不开，衣服被扯开。","吸睛事件：
素材1：女主被下药迷迷糊糊在床上被男主折腾，看到电视屏幕上转播拍卖会，自己丈夫正在豪掷千金给小三买礼物。
素材2：女主得知自己的一夜情对象就是曾经的死对头男主，去找男主要一夜情当晚遗留的戒指，男主让女主取悦自己。
素材3：女主拿回婚戒，回家找男二签字离婚，撞见男二和女配在乱搞。男二签字后看到女主身上的痕迹，占有欲爆发，想要强占女主",通过,通过,通过,通过
72,,,"故事起因：女主本是顶级翻译官，为爱甘愿做家庭主妇6年，没想到丈夫男主和自己儿子都瞧不起自己，嫌弃女主没用，当男主与女2还有女主儿子用中文在野餐中旁若无人羞辱女主时，女主伤心的用中文回击，众人惊讶，但继续不以为然，女主回想起自己这些年为他们俩的付出彻底失望，决定回归那个光芒万丈的自己，但女2在这之中处处使坏……
主角主要目的：回归闪耀的自己
经历阻碍事件：1.野餐中男主，儿子，女2用中文联合羞辱女主
2.婆婆联合女主儿子在家里对女主挑刺，一边却又对女2和颜悦色
3.女2，男主在顶级合作会上侮辱女主只会在家里做饭，没想到女主在下一秒高调以顶级翻译官身份进门，男主女2目瞪口呆","男主：工作狂冷静总裁，为了工作忽略了家庭中女主受到的伤害。
女主：精英范高级翻译官，性格雷厉风行
女二：婊气强势蛮不讲理但对男主会伪装成小白花的老钱家族千金",女2讽刺女主根本不配进顶级宴会的门，反复打压女主低身份，得意说自己求人脉为男主请了顶级翻译，女主冷眼，下一秒，女2人脉进门讨好女主，揭示女主正是那个顶级翻译，女2男主目瞪口呆,"吸睛事件：
素材1：男主与女2还有女主儿子用中文在野餐中旁若无人羞辱女主，还强调女主一定听不懂他们在说什么，女主伤心同样用中文回击
素材2：婆婆以及女主儿子在生活中挑刺女主，但对女2和颜悦色，女主伤心出门时遇见闺蜜，闺蜜让她找回以前光芒万丈的自己，女主回忆起自己的辉煌历史
素材3：女2在宴会前恰好碰见女主，污蔑女主偷东西，羞辱女主，女主反击，男主恰好进门，女2装小白花，暗戳戳讽刺女主根本不配进顶级宴会的门，因为自己求自己爸爸为男主请了顶级翻译，女主冷眼，下一秒，女2爸爸进门讨好女主，揭示女主身份，女2男主目瞪口呆",通过,不通过,通过,通过
73,,,"故事起因：女主是学校老师，意外在下雪天救了跟人火拼受伤的黑帮教父男主，男主对其一见钟情，展开猛烈追求，女主却不想跟他扯上关系，想要男友男2跟自己完婚，男2嘴上答应却偷偷勾搭校长女儿，并未出席婚礼，校长女儿在女主婚礼当天来到现场羞辱女主，女主伤心离开，却被校长女儿准备的混混堵住想奸污她，危机关头，接到消息的男主出现……之后女主在男主强制爱下接受男主追求，但男2看女主居然攀上了男主这棵大树又纠缠上来，女主在男主的帮助下看清男2真面目，跟男主在一起
主角主要目的：寻找真爱
经历阻碍事件：1.女主大雪天救男主，危急关头女主吻住男主骗过追杀者，男主因此纠缠上女主
2.女主给男2送资料时，男2正和校长女儿在里面苟合，女主撞破（是女主梦，但是现实也在发生）女主要求男2快跟自己完婚
3.女主在自己婚礼上被校长女儿羞辱，出去时却被一群混混拦住差点奸污，危急时刻男主霸气出现","男主：霸道讲理黑帮教父
女主：温柔坚强老师
男二：虚荣男老师",女主即将被混混奸污，男主霸气出现,"吸睛事件：
素材1：女主大雪天救男主，刺激躲过敌人追杀
素材2：女主给男2送资料时，男2正和校长女儿在里面苟合，女主撞破（是女主梦，但是现实也在发生）女主要求男2快跟自己完婚
素材3：女主在自己婚礼上被校长女儿羞辱，出去时却被一群混混拦住差点奸污，危急时刻男主霸气出现",通过,通过,通过,通过
74,,,"故事起因：女主是快破产的农场主千金，农场地皮被男主公司强征，要建成度假村，女主想要保下农场，进城找男主谈判，但却没见上男主。女主路上意外救了车祸受伤昏迷的男主。女主对男主一见钟情，巧的是男主失忆了，女主便提出要和男主闪婚，应对家里安排的联姻。奈何女主家人以及朋友瞧不起男主，家人频频阻挠欺负男主，甚至联合女主的联姻对象迫害男主，女主的同学/同事则瞧不起女主找了个穷鬼老公（这个地方可以加类似王子变青蛙里，女主在某个聚会被嘲笑，男主假扮霸总为女主撑腰）。后来男主恢复记忆，回归霸总身份，打脸众人，和女主幸福在一起。
主角主要目的：排除万难在一起
经历阻碍事件：1、女主家人阻碍男女主在一起
2、男反想要娶女主，各种搞事
3、女主被嘲笑嫁了个穷鬼丈夫
4、女主阻止农场变度假村
5、男主的继兄抢家产","男主：深情不高冷，喜欢制造浪漫的霸总
女主：乐天小太阳，农场主的千金
男二：女主的联姻对象 ，为人阴险
女二：男主的未婚妻，一直在寻找男主，同时男主的继兄也喜欢她",男主受到生命威胁，女主救夫,"吸睛事件：
素材1：男主车祸被女主救，女主提出闪婚，家里人不同意，嘲笑欺负男主，女主维护
素材2：女主的未婚夫趁女主不在，胁迫伤害男主，女主出场救男主
素材3：所有人嘲笑女主嫁了个穷鬼，男主以霸总身份，华丽出场",通过,通过,不通过,通过
75,,,"故事起因：女主和丈夫新婚不久，丈夫就被仇家追杀，留下刚查出怀孕的女主。而女主却不知丈夫其实是黑手党家族的长子，不是死于意外，而是一场计划已久的谋杀。爷爷得知女主怀孕，将女主接回家，告知真相，当年女主的丈夫不愿意继承家族，和家里人闹僵，独自在外闯荡。而男主身为新任黑手党教父，一向性格多疑，怀疑哥哥的死有蹊跷，第一个怀疑对象是女主，于是对女主进行调查试探，最后找出真正的杀人凶手，而男主也爱上了女主
主角主要目的：男主找到哥哥真正的死因、女主反抗原生家庭
经历阻碍事件：1、女主家人欺压女主，逼迫女主打胎
2、反派男二试图接近女主，想要套取黑手党家族机密
3、男主对女主的怀疑试探","男主：黑手党教父，多疑高冷
女主：坚强温柔，面对绝境不屈服
男二：大反派，杀害丈夫的元凶",家人设计把女主送到秃头油腻男老总床上，男主华丽出场救,"吸睛事件：
素材1：丈夫葬礼，女主被家人嘲笑欺负，爷爷出现，将女主带走， 告知丈夫真实身份
素材2：爷爷将女主接回家，要保护并且补偿女主，男主出场。男主怀疑女主，和女主互动拉扯
素材3：家人逼迫女主打胎，男主出场救",通过,通过,通过,通过
76,,,"对标剧主线：故事起因：女主家遭女配背叛，一夜间失去双亲。没生育能力的女配，设计女主跟男主发生一夜情，等女主生下孩子后，凭借女主孩子成为男主妻子，并将女主杀害。女主侥幸捡回一条命，整容回归复仇。
故事起因：改变女主职业，套用框架，主线不变。
主角主要目的：拿下男主，复仇女配。
经历阻碍事件：
1-进男主的夜总会应聘调酒师，女配因女主长得像死去的妹妹，要赶她走
2-女主接近男主试图勾引，但多次被拒绝警告
3-女配怀疑女主身份
3-女主复仇，发现女配的孩子竟是自己的","男主：黑道大佬，曾经被女主所救，一直记得女主身上熟悉的味道
女主：调酒师
男二：表面男主的保镖，实则女主的人，处处帮女主提供情报，配合女主获取男主信任
女二：女主养姐，不孕不育",一卡：男主眼看就要发现女主就是那天跟他一夜情的人,"吸睛事件：
素材1：女主生下孩子，孩子被女配抢走
素材2：女配杀害女主，女主侥幸未死，整容归来
素材3：女主用各种手段勾引男主，欲望拉扯场面
素材4：女配生日当天，女主收网，勾搭男主跟她床上激情
素材5：女主设计再次怀上男主孩子，女配发现上当",通过,通过,通过,通过
77,,,"对标剧主线：女主为渣男付出所有，却被他跟闺蜜联手推下悬崖。女主阴差阳错被闺蜜养兄救下，养兄为报另一个养妹的仇，让女主顶替养妹千金身份，两人联手对付闺蜜跟渣男，并拿到顾氏集团。
故事起因：简化人物关系，主线不变，套用框架
主角主要目的：复仇渣男贱女，拿到家产。
经历阻碍事件：
1-回归宴上女主身份遭质疑。
2-闺蜜给女主下药设计女主在大庭广众下失身。
3-女主要继承公司时，闺蜜拿出亲子鉴定，指出女主是假冒","男主：姜家管家，幼时姜父为跟首富千金结婚，纵火烧死男主母子，男主侥幸逃生，后以管家身份进入姜家，后跟女主联手复仇。
女主：被渣男跟闺蜜推下悬崖，被病重的姜家大女儿所救。得知大女儿凄惨身世，在大女儿死后，女主顶替她身份复仇。
男二：软饭男，为了攀上女配杀妻。
女二：女主闺蜜，首富千金。",一卡：回归宴上，渣男当众指出女主就是前妻，要女主脱下衣服看她后背上的梅花胎记。,"吸睛事件：
素材1：闺蜜多次试探女主身份，反被女主收拾
素材2：女主身份被男主揭穿，男女主暧昧拉扯
素材3：闺蜜怀疑女主身份，暗中给女主做亲子鉴定，女主身份即将当众曝光。
素材4：闺蜜跟渣男大婚，女主播放闺蜜跟别的男人床照。",不通过,通过,不通过,不通过
78,,,"故事起因：女主收到丈夫短信去酒店，跟被下药的男主一夜风流，事后女主逃离酒店。女主回去后，白月光指出女主偷人，并且装作被女主刺中肾脏，要女主换肾给她。女主逃跑时被推下楼梯撞到头恢复记忆，回复千金身份复仇打脸。
主角主要目的：复仇渣男贱女
经历阻碍事件：
1-女主被白月光陷害，丈夫要摘女主的肾给白月光。
2-拍卖会上，女主被丈夫跟白月光羞辱，侮辱她偷人，要把她卖给老王。女主自曝身份，配角脑补都不信。
3-男女主感情转正","男主：有失眠症，抱着女主就能睡着。跟女主一夜情后，一直寻找女主。
女主：首富千金，失忆后嫁给渣男。
男二：渣男，娶女主是因为奶奶催婚。后在女主帮助下，事业有了起色，白月光回归。
女二：渣男白月光，当初嫌渣男没钱借故出国 ，渣男有钱又回来勾引。",一卡：白月光找来混混，要求在给女主摘肾前 ，先把女主上了。女主即将被上，男主得知女主在医院，在赶来的路上。,"吸睛事件：
素材1：开头女主跟被下药的男主一夜情
素材2：渣男要摘女主的肾给白月光
素材3：渣男白月光羞辱女主，反被收拾",通过,通过,通过,通过
79,,,"故事起因：男女主结婚多年，女主检查出癌症，回家想向男主坦白自己生病，却意外撞见男主女配亲密举动。女配为嫁给男主挑拨离间污蔑女主，男主眼盲心瞎忽视真相，最终女主死去，男主得知一切追悔莫及。
主角主要目的：女主自证清白维系婚姻，男主追妻。
经历阻碍事件：
1.女主想告诉男主自己重病被女配打断。
2.女配装病挑事，男主维护女配
3.男主因女配误会女主，女主死去男主后悔","女主：深爱男主，男主公司员工
男主：总裁，眼盲心瞎误会女主。
女配：男主前女友",男主差点发现女主生病,"1.女主诊断出癌症，想告诉男主，却发现男主和女配在一起。
2.女配污蔑女主装病，男主误会女主。
3.女配挑衅女主，女主识破女配装病",不通过,不通过,通过,通过
80,,,"故事起因：男女主本来是一对，女主家破产欠债，男主妈甩钱让女主离开，女主含泪同意。几年后男主妈因讨厌男主新女友，甩钱让女主追回男主。女主为了尽早还清债务同意，热情追求男主，应聘男主秘书。男主记恨女主离开冷嘲热讽，女配嫉妒女主挑拨离间，男女主最终解开误会走到一起。
主角主要目的：复合
经历主要阻碍事件：
1.女主再追男主，发现男主已有新女友。
2.女主被女配为难，男主帮女配说话。
3.男主得知女主是母亲雇佣复合的，误会加深","女主：男主秘书，落魄但开朗坚强，深爱男主
男主：总裁高冷毒舌，放不下女主
女配：男主的假女友",男主救下被女配虐待的女主,"1.女主为钱热情追求男主，成为男主下属被男主冷嘲热讽
2.女配为难女主，男主帮女配说话
3.男主妈百般撮合男女主",不通过,通过,不通过,通过
81,,,"故事起因：女主是男主助理，一次醉酒后两人发生关系，女主意外怀孕，两人秘密结婚，男主却一直认为女主是想上位的拜金女。男主心系白月光对女主冷漠，女主心灰意冷决定离开，被儿子挽留无奈留下。白月光女配空降公司，处处针对女主，男主误会加深屡次伤害，女主最终离开，男主认清白月光面目追悔莫及。
主角主要目的：女主离开男主，男主追妻
经历主要阻碍事件：
1.男主忽视女主儿子，女主决定离开被儿子挽留
2.白月光回国针对女主
3.女主即将出国男主挽留","女主：男主助理，果断隐忍
男主：总裁，忽视女主，自负情感迟钝
女配：男主白月光，绿茶",女主即将带娃离开，男主找到女主挽留,"1.男主嘲讽女主爬床，对儿子态度差，女主认清决定离开，被儿子拦住。
2.白月光回国针对女主，男主误会加深
3.女主即将带儿子离开，男主找到女主",不通过,通过,不通过,不通过
82,,,"故事起因：女主被母亲榨光学费不得不打工，意外和大佬男主发生关系，女主离开后却发现自己已经怀孕。六年后，女主努力打工养崽，却被放贷人逼迫。女主女儿跑出寻求帮助意外找到男主，男主得知亲子关系，找到女主两人再相遇。女配不断挑事，男主维护女主，两人爱上彼此。
主角主要目的：女主逃离逼迫保护女儿，男主找到老婆孩子。
经历主要阻碍事件：
1.女主被母亲压榨
2.女主被放贷人逼迫
3.女配挑事羞辱女主","女主：努力打工的小白花
男主：高冷大佬
女配：爱慕男主心思恶毒",女主被放贷人按着打，男主赶到,"1.女主被放贷人逼迫，女儿跑出去求救意外撞见男主，
2.男主做亲子鉴定父女相认，赶到打脸",不通过,通过,不通过,通过
83,,,"故事起因：男女主多年恩爱夫妻，女主却突然发现男主出轨。小三上门挑衅，男主试图粉饰太平。女主下定决心想要离开男主时，却发现自己已经怀孕。女主认清挽回婚姻无望，意外流产离开。男主后悔发疯，女主和男配走到一起。
主角主要目的：女主保卫婚姻
经历主要阻碍事件：
1.男主送礼告白女主心软
2.小三上门挑衅
3.女主怀孕","女主：富家千金
男主：总裁，肉体出轨还不悔改的渣男
男配：暗恋女主多年的竹马
女配：男主秘书，绿茶",女主差点揭穿男主出轨,"1.女主看到男主出轨女配，男主却试图掩盖真相并送上礼物
2.女主被小三挑衅气晕，醒来发现自己怀孕
3.女主想告诉男主自己怀孕的消息，试图保卫婚姻，男主却因为小三再次离开",不通过,通过,不通过,不通过
84,,,"故事起因：女主是这个国家的女王，曾守护了战乱的国家，保护了国家的安宁。但因为女主厌倦了战争，想远离纷争，把权力交给了议会，现在隐居遁世，住在森林里当治疗师。狼灵在国家边境肆虐，卫队请求女王回归。但女王想过平静的日子，唯一的愿望是自己寄养在大家族里的女儿平安快乐。但女儿却在寄养家庭遭遇了非人的虐待。女王愤怒，强势回归，势要为女儿讨回公道，并打脸所有人。

主角主要目的：回归女王身份，为女儿复仇

经历主要阻碍事件：

1.女主隐居当治疗师被人看轻

2.女儿被寄养人家虐待

3.女儿被寄养家庭献给老男人取乐后失踪了","女主：实际上是国家女王
，顶级Alpha，表面上是隐居在森林里的治疗师
男主：议会首相，听命于女主
男配：大家族的男继承人

女配：大家族的女继承人",女主得知女儿被寄养家庭虐待，狼灵超能力爆发，即将强势回归女王身份，为女儿复仇。,"1.女主坐在王座上被质疑女王身份，女配煽动众人言语霸凌女主，卫队队长和首相出现为女主撑腰

2.女主被女配言语侮辱，女主掐住女配脖子，质问自己女儿在哪

3.女主知道女儿被虐待，露出白狼灵，众人认出女主是国家的女王",通过,通过,通过,通过
85,,,"故事起因：救火员丈夫在亲生女儿发生事故塌方时，不顾妻女的求救，去救白月光和白月光的女儿，导致亲生女儿去世，丈夫却不知道，只一心照顾白月光和白月光的女儿。女主面对女儿的去世，丈夫无休止的偏袒，以及白月光和白月光女儿的挑衅，开始复仇。

主角主要目的：为女儿复仇

经历主要阻碍事件：

1.女儿所在地发生塌方，求丈夫救女儿
，丈夫不救
2.女儿死去，丈夫在照顾白月光和白月光女儿

3.女儿葬礼丈夫不出现","女主：富家女，家庭主妇，一心爱丈夫女儿

男主：救火员
，忽略妻子，偏袒白月光一家
男配：免费集没有出现

女配：丈夫的白月光，恶毒，绿茶",丈夫不知道女儿因他没有及时救援死去，来给女儿过生日，看到女儿遗像。,"1.女主发现女配是丈夫的白月光，闪回到事故发生，丈夫在塌方现场救白月光和白月光女儿，不救自己亲生女儿，平时也不关心女主和自己的女儿

2.女主在直播上曝光自己丈夫不救亲生女儿

3.女主质问丈夫救朋友比救亲生女儿更重要吗",通过,通过,通过,通过
86,,,"故事起因：女主因生病+怀孕+父亲诈骗丑闻，假装出轨，要跟男主离婚，不想拖累男主的创业。男主看到女主出轨，逃避，不愿相信，不戳破。但女主狠心羞辱男主并离开，男主卑微挽留无果，决心事业成功让女主后悔。多年后男主成功归来，女主儿子进医院+女主简历投到男主公司，两人重逢。

主角主要目的：解开当年假装出轨抛弃男主的误会，收获美满爱情

经历主要阻碍事件：

1.女主肺部恶性肿瘤+父亲诈骗+怀孕
2.女主不得不假装出轨，对男主说狠话，狠心离开

3.多年后重逢，男主已有未婚妻","女主：贫穷坚强，深爱男主，不愿拖累对方
，为对方考虑
男主：从初创公司做到总裁，有能力的男人，深爱女主但嘴硬

男配：女主的假装出轨对象
，关心女主
女配：男主成功后的未婚妻",女主儿子跑出来喊男主爸爸，女主当年带球跑真相可能被发现,"1.女主找人假装出轨，男主发现却假装无事发生，女主羞辱男主。七年后重逢，男主询问当年真相，女主怕拖累男主不愿说，两人接吻。

2.女主儿子冲出来喊男主爸爸，闪回七年前女主假装出轨羞辱男主。

3.女主来面试，发现面试官是男主，闪回到七年前女主假装出轨羞辱男主。",通过,通过,通过,通过
87,,,"故事起因：男主家族有弱精症，很难怀孕，奶奶催婚。女主一直被索求无度的母亲要钱吸血，来到俱乐部兼职。男主被女配下药，因生气赶走女配，女主作为服务员来送东西，被男主朋友付钱要求女主和男主睡觉，帮男主解决上头的药劲。男女主一夜情后，女主意外怀孕，双胞胎。女主被妈妈拉去堕胎。
主角主要目的：保护自己的宝宝，和男主在一起

经历主要阻碍事件：

1.母亲肆意花自己钱，导致女主没钱只能去俱乐部兼职

2.一夜情后发生自己怀了双胞胎
，六神无主
3.被母亲拉去堕胎，孩子即将受到威胁","女主：贫穷善良，被母亲吸血

男主：大家族继承人，有弱精症

男配：免费集没有出现

女配：免费集没有出现",女主被妈妈抓去堕胎，男主赶到救下女主,"1.男女主温柔床戏。闪回到女主因被母亲吸血要钱，痛哭，女主在医院被告知怀了双胞胎。男主朋友在医院看到女主，询问医生，发现女主怀了男主的双胞胎。

2.女主被母亲抓着堕胎，男主赶到，救下女主，把女主带回家，认真照顾对待。

3.男主朋友不断给女主加钱，要求女主跟男主过夜。",通过,通过,通过,通过
88,,,"故事起因：男女主包办婚姻结婚，因男主戴墨镜，女主没有看清男主脸。男主出国，一年后回国，男主成为女主上司，女主是男主私人助理，两人不认识彼此。男主打电话给素未谋面的妻子，发现电话那边有男人声音，疑惑，去妻子住址查看，看到陌生男女开门。男主误认为那就是没见过面的妻子和妻子的情人，误会妻子出轨。

主角主要目的：解开两人身份不识的误会

经历主要阻碍事件：

1.女主和男主结婚了，却没看清男主脸

2.女主被男主生意伙伴调戏

3.男主误会自己妻子（女主）出轨","女主：善良温柔，男主助理，包办婚姻的对象

男主：总裁
，霸气多金
男配：免费集没有出现

女配：免费集没有出现",女主发现家门口一束被丢掉的花很像自己给男主准备的，女主是男主妻子的身份即将被发现,"1.男主给妻子（女主）打电话，发现电话那边有男人的声音，疑惑妻子是否出轨。插入故事的发生，男女主结婚，男主出国后一年回来，女主成为男主助理。

2.女主被男主生意伙伴性骚扰，男主为女主出气，揍对方。

3.女主到酒吧接男主回家，男主家门即将被打开，女主以为是男主妻子回家，怕被误会，慌张撞倒在男主身上。",通过,通过,通过,通过
89,,,"故事起因：女主因为是没谈过恋爱的眼镜女孩被大家嘲笑，想结束自己的处女生活。男主作为女主爸爸球队（女主爸爸是橄榄球队教练）的明星橄榄球手，借宿女主家，女配看上男主。女主爸爸也警告女主别接近他的明星球手。男主因为小时候女主保护过他，暗暗喜欢女主。女主碍于父亲的警告也不敢跟男主明说爱意。

主角主要目的：智斗女配，勇敢和男主在一起

经历主要阻碍事件：

1.女主因为是处女被同学霸凌嘲笑，疯狂想找男友。

2.女主因为爸爸的警告不敢和男主明说爱意。

3.女配刁难欺负女主，甩奶油在女主身上，言语霸凌等等","女主：没有恋爱经验的单纯善良眼镜女孩

男主：女主爸爸球队的明星橄榄球手
，借宿女主家，暗恋女主
男配：免费集没有出现

女配：学校里的嚣张女孩，欺负女主",女主玩游戏输了，被女配刁难去亲一个陌生的胖子，男主解围，要代替胖子和女主接吻,"1.女主摸睡着的男主，以为男主是个仿真的机器人。女主想起和女配打赌要找到男友，盘算起男主。女主爸爸进门，警告女主离他的明星球手远点。

2.女主要和男主发生关系，女主问男主为什么喜欢自己。女主爸爸发现门锁了，在外面叫嚣要进门。

3.女配抢走女主的笔记本，发现女主想在毕业前结束掉处女生活的愿望，嘲笑女主。",通过,通过,通过,通过
90,,,"故事起因：女主和男主学生时代就认识，男主一直喜欢女主。女主因为父亲生病跟男主借钱，并提出当男主的合约情人，男主幻灭，因爱生恨，认为女主不是自己喜欢的那样了，是个拜金女，强制爱折磨羞辱女主。女主怀孕，被男主未婚妻推下楼，男主开始后悔。

主角主要目的：解开男主认为自己是拜金女的误会

经历主要阻碍事件：

1.女主因没钱给父亲治病，求助男主，却被当做拜金女

2.女主怀孕却得知男主要订婚

3.女主怀着孕被男主未婚妻推下楼梯","女主：贫穷的女孩，男主的合约情人

男主：总裁，黑手党头目

男配：免费集没有出现

女配：大家族女儿，男主未婚妻，喜欢男主，害女主",女主被男主未婚去推下楼，送医，男主回忆自己爱女主的细节，赶到手术室。,"1.女主儿子被其他孩子欺负说他没爸爸，男主出现说自己就是爸爸，赶走欺负儿子的小孩。

2.女主在职场上被人言语侮辱，男主出现撑腰，对方给女主道歉。

3.男主质问女主，她儿子的父亲到底是谁",通过,通过,通过,通过
91,,,"故事起因：男主白月光回国，男主偏袒她，女主再也受不了丈夫这样的态度，选择离婚。女主怀孕生下双胞胎，留一个给男主，假装死亡，以躲避男主。多年后女主带其中一个儿子回国，遇到男主。

主角主要目的：解开男主其实不爱白月光的误会

经历主要阻碍事件：

1.白月光挑衅女主，陷害女主推自己落水
2.女主受不了男主偏袒白月光，提出离婚

3.女主为躲避丈夫，假装死亡将双胞胎中的其中一个留给男主，骨肉分离","女主：家庭主妇，婚前风光无限的设计师

男主：总裁，被白月光所迷惑，其实爱女主

男配：免费集没有出现

女配：男主白月光，绿茶恶毒，陷害女主",女主进办公室做汇报，发现总裁是男主，两人多年后再次重逢，当年的误会和两个双胞胎的事情即将被发现,"1.男主发现了自己有两个儿子，从女主身边带走儿子。儿子们说爸爸这样做不对。女主朋友痛骂男主当年因为和白月光牵扯过深，导致女主怀孕了也不敢说，只能离婚。

2.男女主重逢后床戏。插入当年故事的发生，因为白月光陷害，丈夫偏袒，女主受不了离婚，女主生下孩子，假装死亡，多年后带着其中一个孩子回国。女主在新公司进办公室汇报，发现男主是公司总裁，男女主重逢。

3.男主在机场和旁边素未谋面的另一个双胞胎儿子做出同样的动作。",通过,通过,通过,通过
92,,,"故事起因：女主在订婚现场得知未婚夫出轨继妹，还被继妹推入泳池。男主在现场，跳下泳池救起女主，送医。男主来病房看望女主，期间女主得知男主被爷爷催婚，自己又得结婚才能继承母亲公司，故而提出和男主闪婚。男主隐藏自己大集团总裁的身份，帮助女主反击恶毒继母继妹。

主角主要目的：继承母亲的公司，和男主在一起

经历主要阻碍事件：

1.未婚夫出轨继妹

2.继母和继妹想抢夺女主母亲的公司

3.女主带男主回家被嘲讽，未婚夫威胁","女主：家族的长女
，独立自主
男主：总裁

男配：渣男未婚夫，花花公子

女配：女主继妹，想跟女主争夺公司",男女主闪婚后，男主要去客房睡觉，女主拉住男主。两人夫妻之名或将转为夫妻之实,"1.女主带男主回家，告知家人，自己已经结婚了，可以继承妈妈公司。继母继妹看男主穿着破烂，嘲讽男主。

2.女主发现男主的姓氏和大集团姓氏是一致的，疑惑。

3.未婚夫要带走女主，男主推开，霸气警告未婚夫。",通过,通过,通过,通过
93,,,"故事起因：女主上一世恋爱脑被前男友陷害得了艾滋，父亲死去，公司被前男友霸占，他还要另娶他人。重生后女主开始复仇前男友，和男主（家族安排的联姻对象）展开爱恋。

主角主要目的：复仇前男友和女配，和男主展开爱恋

经历主要阻碍事件：

1.被前男友陷害得了艾滋，公司被霸占，窝囊死去

2.前男友在学校里假装自己是少爷，女主是佣人，对女主颐指气使
3.女主被学校里的人当做前男友的佣人，被同学嘲讽欺负","女主：豪门女继承人，上一世窝囊恋爱脑，这一世变得强硬

男主：一直喜欢女主的豪门联姻对象，温柔
，关心女主
男配：女主前男友，女主家司机的儿子，假装自己是少爷，对女主颐指气使

女配：女主前男友的对象，恶毒",女主前男友看到女主和男主在一起亲密，发现女主不像以前那样唯命是从，恋爱脑爱自己，质问女主。,"1.女配向学校众人控诉女主有糖爹，女主应对自若。男配出言侮辱女主，男主霸气相护。

2.男配当着同学们的面，为了坐实自己是少爷的身份，让大家相信，把女主这个真千金从车里拉下来。

3.女主在晚宴上被同学挖苦没吃过高级餐厅，女主说自己太穷，付不起，不敢点。同学说男配会付钱。服务员给男配账单，他付不起。服务员恭敬转向女主，大家议论，女主才是这个餐厅的老板。",通过,通过,不通过,通过
94,,,"故事起因：女主和总裁老板（男主）发生一夜情。女主家里欠债，男主提出闪婚帮女主还钱，女主为了家人妥协。原来男主从学生时代就暗恋女主，终于得偿所愿。女主在公司隐藏自己总裁夫人的身份，误以为男主喜欢女二。女二刁难陷害女主，要把女主赶出公司，男主前来相救。

主角主要目的：解开男主喜欢女二，和自己只是一夜情的误会，收获和男主爱情

经历主要阻碍事件：

1.女主家里破产，女主为了家人妥协和男主闪婚

2.女主在职场上被女配陷害，女主的文档被人做过手脚，女主要被开除

3.同事谈论男主的密码是女配的生日，女主误以为男主喜欢女配","女主：职场的无名小卒，家里破产，贫穷
，工作能力强
男主：从学生时代就暗中喜欢女主的总裁
，聪明机智
男配：免费集没出现

女配：公司主管，喜欢男主，刁难女主",女配要把女主开除出公司，男主赶到。,1.男主妈妈假扮清洁员来测试女主，女主友好带男主妈妈进公司。男主妈妈被其他员工嘲讽，女主袒护。男主赶到。,不通过,不通过,不通过,不通过
95,,,"故事起因：女主因为太胖，丈夫出轨，婆婆嫌弃。女主发誓要报复羞辱她的一家人。男主和女主是小时候的好朋友，男主一直喜欢女主。男主帮助女主复仇。

主角主要目的：瘦身，复仇前夫，收获和男主的爱情

经历主要阻碍事件：

1.因为太胖，前夫出轨，婆婆嫌弃。

2.婆婆抢走女主妈妈传下来的婚戒，还拿走前夫给女主的钱，女主一无所有离开。","女主：胖乎乎的家庭主妇，一心爱丈夫
，勇敢坚强
男主：一直喜欢女主的亿万富翁，女主小时候的朋友

男配：女主前夫，出轨的渣男

女配：女主前夫的出轨对象，恶毒拜金",女主因被丈夫抛弃，伤心晕倒，男主把女主带到自己家，女主即将在男主的帮忙下瘦身减肥，展开复仇,"1.女主前夫当着女主的面亲吻情妇，宣告出轨。

2.女主到宴会上找前夫，被保安羞辱，女主和保安扭打在一起，凭借体重压倒保安。

3.婆婆抢走女主祖传的婚戒，女主伤心离开。",通过,通过,不通过,通过
96,,,"故事起因：女主与男主多年前是校园情侣，为了让男主被经纪公司签走，有更好的前途，女主狠心说分手。多年后女主另嫁他人，专注于自己的事业，但丈夫却出轨自己闺蜜。女主伤心离家，在朋友家再次见到男主。男主成为女主的新老板，因工作接触，两人多年后再次纠缠在一起。

主角主要目的：解开当年和男主的误会，和渣男丈夫离婚，和男主在一起。

经历主要阻碍事件：

1.丈夫出轨自己好闺蜜，女主遭到背叛
2.领导和闺蜜在职场上欺负女主

3.闺蜜在网上发帖子陷害女主诽谤罪","女主：女强人

男主：奥斯卡影帝，总裁，女主前男友

男配：女主前夫，出轨的渣男

女配：女主前夫的出轨对象，女主闺蜜，职场上的领导",闺蜜陷害女主，以女主名义在网上发帖诽谤，警察上门要带走女主。男主袒护，说自己是女主老板，会调查真相，不让带走女主。,"1.男女主一起喝酒，男主质问女主当年为什么抛弃自己，言语嘲讽女主当年的拜金，喝多了，男女主床戏。

2.男主压女主在墙上，指责女主玩弄了他很多年，女主祈求男主放自己走。男主说自己等这一刻等很久了。男主隐忍再三，放开女主的手，离开。走了几步回头，说这次不会这么轻易放过女主。

3.女主被锁在储藏室，幽闭恐惧症发作。男主出现救女主。警察上门，因女主诽谤罪要带走她，男主袒护，说自己是老板，会调查真相，不让带走女主。",通过,通过,通过,通过
97,,,"故事起因：男主弱精症，不能有孩子。男主一直怀念多年前失踪的女主，多年不曾和女人在一起。下属因此给男主下药，想帮助男主亲近女人，不要沉湎过去。女主走错酒店房间，误和被下了药的男主发生一夜情，女主怀上双胞胎。男主因为理解错女主的话语意思，以为女主一夜情后想跟自己要名分和钱，误会女主是捞女。女主堂姐和堂姐男朋友为了赚钱，想把女主卖进红灯区。女主打电话跟男主求救，男主从下属那里得知女主退回了钱，发现自己误会了女主，前去营救有危险的女主。

主角主要目的：保护孩子，解开男主认为自己是捞女的误会，和男主在一起。

经历主要阻碍事件：

1.女主被堂姐刁难，被堂姐男友性骚扰

2.男主和女主一夜情结束后误会女主是捞女

3.女主要被堂姐和堂姐男朋友卖到红灯区","女主：兼职服务员，贫穷善良
，真实身世是黑手党老大的亲生女儿
男主：黑手党养子
，一直爱多年前失踪的女主
男配：堂姐男友，性骚扰女主

女配：女主堂姐，欺负女主",女主要被堂姐男友卖到红灯区去赚钱，打电话给男主求救，男主带着下属赶到,"1.女主从诊室出来，落下孕检报告，男主和男主朋友发现女主怀孕。插入故事的发生，男女主一夜情后，男主误会女主的言语，以为女主拜金。

2.女主被堂姐男友性骚扰，男主教训他，并赶走他。男主下属给男主酒里下药，女主走错房间，男女主一夜情。

3.女主被堂姐男友性骚扰。男主得知女主退回了不属于自己的钱，并且是走错房间才发生的一夜情。男主赶去相救，拔枪对着性骚扰女主的堂姐男友。",通过,通过,通过,通过
98,,,"故事起因：女主为给男主支付医药费，求男二借钱，男二提出协议结婚才愿意借钱。女主为了救男友妥协，狠心和男主分手。男主三年后成为亿万富翁回归，要女主做他的私人助理。

主角主要目的：解开当年和男主分手的真相，离开丈夫，和男主在一起

经历主要阻碍事件：

1.女主因没钱付医药费，被迫和男二结婚，狠心和男主分手

2.女主婚后遭到男配的辱骂

3. 男主诱导女主出轨，女主想避开男主，但男配为了从男主那里得到生意往来，威胁女主去给男主做助理","女主：婚前贫穷女大，婚后窝囊的家庭主妇

男主：最年轻的亿万富翁

男配：女主丈夫，虚伪，唯利是图

女配：免费集没出现",女主去给男主做助理，进入男主房间，看到男主裹浴巾出来，要走，男主拉住女主，浴巾掉落。男女主可能重温旧梦,"1.女主恳求男主把生意给自己丈夫，男主带女主去晚宴。女人们出言嘲讽女主，男主霸气相护。丈夫为了达成交易强迫女主喝酒。

2.丈夫说自己过去一年没碰过女主，女主怎么会怀孕的。丈夫掐女主。男主出现，推开丈夫，说，要是我就是孩子的父亲呢。

3.男主在职场上对女主笑，同事们就开始造谣女主是靠不正当手段进公司，对女主进行言语侮辱。女主生气，朝同事泼水。",通过,通过,通过,通过
99,,,"故事起因：富家千金故意隐藏身份低调入学，只为寻找真挚友谊，却遭遇校园女霸王的霸凌。霸凌女孩们拽她头发、推倒她，甚至用刀威胁并扎破自行车轮胎。此时假小姐出现。校园女霸王误以为假小姐才是传说中的富家千金，立刻变脸巴结。假小姐顺水推舟承认了这个""身份""，只有女主知道真相。得势的假小姐开始在学校耀武扬威，处处嫌弃女主穿着寒酸，对她冷嘲热讽。女主暗自发誓要反击这一切。假小姐为了在同学面前炫耀，夸口要办派对。女主抓住机会当众挑战：""为什么不在你家的城堡举办？""在众人起哄下，假小姐被迫答应，将自己推入绝境。走投无路的她只能向母亲求助，她母亲是女主家的女仆，两人密谋如何应对这困境。假小姐煽动同学集体欺负女主，绊倒她，把饭菜泼她满身，甚至叉子戳伤她的腿。女主终于爆发，将意大利面反手抹在假小姐脸上。贪婪的假小姐盯上了女主家族传承的手表，不惜强抢。面对女主的反抗，她和跟班们的暴力升级，甚至扇了女主耳光。此时，女主家族成员来校演讲时，看到假小姐戴着家族手表，竟误认她是真正的千金。当假小姐和帮凶们再次肆意攻击时，女主再也无法忍受，站起来大喊：""我才是真正的千金大小姐！""。
经历主要阻碍事件：
1. 恶毒校园女霸王对女主拳脚相加，甚至刀具威胁，残忍毁坏财物
2. 假小姐冒充千金后耀武扬威，校园地位一路飙升
3. 假小姐煽动全校欺凌，公然抢夺女主珍贵家族传承手表
4. 女主家族成员竟认贼作女，令局面雪上加霜","女主：真正豪门之女，隐忍坚韧，为尊严而战
女配：
假小姐：女仆之女，心机深沉，欺世盗名
校园女霸王：欺软怕硬，趋炎附势的势利小人
假小姐母亲：女主家帮凶女仆，暗中推波助澜
男主：免费集没出现
男配：免费集没出现","女主站起来喊道：""我才是真正的千金大小姐！""全场安静，大家都懵了，真假千金身份即将被发现
。","1.女主身为女继承人，为求真情隐瞒身份，来到学校，却被假小姐冒认女继承人身份。假小姐邀请同学们去派对，让自己的女仆妈妈帮忙在女主家办派对。假小姐在派对上向女主砸了一个瓷器。女仆妈妈赶到，发现真千金女主也在，假小姐不小心叫了女仆妈妈，女主质问假小姐，女仆是你妈妈？
2.女主隐瞒身份骑车来上学，因穿着破烂，被同学刁难，扎破自行车轮胎，推倒在地。假小姐刚好租豪车来上学，被误认成转学来的千金。
3.假小姐在餐厅绊倒女主，推翻刀叉，女主刚好膝盖磕在叉子上，受伤倒地。假小姐言语羞辱女主，女主拿起意大利面，抹在假小姐脸上。",通过,通过,通过,通过
100,,,"故事起因：在女主生日这天，清洁工母亲买不起蛋糕在店里讨价还价时，门外玩耍的女儿被歹徒掳走。温馨生日瞬间变成家庭噩梦。女主被绑架后遭受残酷虐待，随身佩戴的母女合照项链被踩碎。母亲得知噩耗后四处张贴寻人启事，在街头奔走。当警方通知有一群获救女孩等待认领时，母亲喜极而泣。然而在警局里，面对众多女孩，她始终未能找到女儿。当母亲即将打开最后一个房间时，被告知里面的女孩失声了。这个消息让她停下，坚信自己的女儿不可能是个哑巴。而女主醒来打开门时没有等到自己的母亲。一位寻找特殊孩子的富裕老妇人收养了女主。当她坐车离开警局时，透过车窗看到了自己的母亲。她拼命想呼喊，却因失声无法发出声音，为时已晚。这对母女再次错过。十五年过去，女主已成为富豪家族的一员。那个坐在豪车里的优雅女子，正被带往一个熟悉的地方。女主母亲依然做着清洁工作，因为四处张贴寻人启事差点丢掉工作。尽管所有人都说她的女儿已不在人世，她始终不愿放弃希望。就在这一天，她即将遇见已经成为富豪家族继承人的女主。十五年是否会相认
主角主要目的：在新生活中寻亲生找母亲的踪迹
经历主要阻碍事件：
1. 女主被绑架后遭受虐待，失去了声音
2. 母亲在警局认领女孩时，因女主失声而没有进入最后一个房间，与母亲错过
3. 女主被富裕老妇人收养，在离开警局时透过车窗看到母亲却无法呼喊
4. 多年后母女二人再次相遇，却认不出彼此","女主：被绑架的女孩，失去声音，被富家收养成为大家族一员
女配（女主养母）：富裕老妇人，专门寻找特殊孩子收养
男主：免费集没出现
男配：免费集没出现",十五年后女主与清洁工母亲出现在同一个街区，母女或许即将相认,"1.恶毒富人为了买走女主亲生母亲的房子来拥有整个街区，砸碎母亲珍爱的女主照片，扇巴掌，揪母亲头发，还撕烂女主小时候的玩偶。女主突然出现，霸气护母。
2.女主和母亲在多年后凭借脖间项链认出彼此，相拥而泣。闪回到多年前，女主被拐走，母亲在大街上发传单寻找女主。
3.女主霸气反击霸凌亲生母亲的富人，权势碾压，拳打脚踢。",通过,通过,通过,通过
101,,,"故事起因：因为男主只和处女发生关系，女主闺蜜便安排急需手术费的女主去酒店伺候男主。男主对女主产生了强烈吸引，深深迷恋上她。两人发生一夜情后，女主悄悄收拾东西离开。趁机女二顶替女主的位置，睡在了男主身边，女主只能透过门框默默注视这一幕。次日，女二故意大叫唤醒男主，让他不知所措。更令女主震惊的是，当她回到学校时发现一夜情的男主竟是她的新任教授。她回想起自己和母亲在女二家做女仆的艰辛日子，女二和她母亲对她们非打即骂。男主一眼就在教室中注意到了女主。男主安排女主收同学们的作业，似乎依稀认出她就是那晚的女孩。当女主接近他时，他抓住她的手腕问她叫什么名字。尽管女主如实回答，男主仍心存怀疑，而女主则坚称他们从未见过。班上同学都察觉到教授对女主的特别关注，议论纷纷说他总是盯着女主看。放学后，女主回到女二家做女仆工作，却遭到女二和她母亲的毒打羞辱。就在这时，男主恰巧目睹了她被虐待的一幕。
主角主要目的：隐藏自己的真实身份，避免男主发现她是酒店的那个女孩
经历主要阻碍事件：
1. 女主离开后女二顶替她的位置欺骗男主
2. 男主开始怀疑女主就是那晚的女孩，而女主不得不否认
3.灯光太黑，男主看不清人","女主：单纯女孩，女配家女仆，为家人妥协
男主：亿万富翁，只与处女发生关系的人，女主教授，迷恋那晚的女主
女配：女主闺蜜，欺骗顶替女主位置，与妈妈一起虐待女主
男配：免费集没出现",女主被女配和女配妈妈虐待，男主出现制止女配伤害女主。,"1.女配要求女主代替她去跟男主睡觉，因为男主只睡处女。一夜激情后，女配回到床上顶替女主。男主成为女主新教授，一直关注女主。女主在女配家当佣人，被女主妈妈肆意殴打，女配也殴打女主，却装柔弱陷害女主。男主霸气制止。
2.女主捂肚子说我们只有过一夜情，男主问，所以孩子是他的吗？",通过,通过,通过,通过
102,,,"故事起因：男主女儿在生日这天捣乱，只为让父亲找个她满意的""妈妈""。当女主作为保姆出现后，母亲来电警告他必须尽快结婚，否则将面临麻烦。与此同时，贝拉在派对上看中了女主，精心策划让男主与女主""巧遇""——她故意与女主一起藏起来，逼男主来寻找。贝拉突然宣布要女主当她的妈妈，让男主尴尬不已。面对这突如其来的""求婚""，女主只是礼貌地解释婚姻不是儿戏，况且她已有未婚夫男二。然而，当女主去送蛋糕时，竟撞见未婚夫男二正与高中时欺负过她的女二举办订婚派对。
女二逼迫男二当场做出选择。面对曾经深爱的女主和自己一直讨厌的女二，男二为了摆脱贫困选择了后者。女二得意洋洋，还想羞辱女主和贝拉，结果冲突升级至动手。当女主为保护贝拉与女二扭打在一起，男二正要对女主动手之际，男主及时出现，挡在了女主面前。
主角主要目的：女主需要做出情感抉择
经历主要阻碍事件：
1. 女主已有未婚夫男二，无法接受男主女儿的""求婚""提议
2. 女主发现男二背叛，与高中欺凌者女二举办订婚派对
3. 男二因金钱选择女二而非女主，伤害了女主的感情
4. 女主与女二发生冲突","女主：被男主女儿看中的保姆，有未婚夫但被背叛，善良勇敢
男主：单身父亲，在危机时刻保护女主
女配：高中时欺负过女主，抢走她的未婚夫
男二：女主的未婚夫，因金钱选择女二，背叛女主",女主与女配发生冲突，扭打在一起，男主突然出现，保护女主。,"1.男主女儿要赶走女主未婚夫，女主未婚夫生气，摔了男主女儿的玩偶，男主突然出现，揍女主未婚夫，让他不准碰自己女儿。
2.女配男配亲吻，女主伤心，因为男配作为未婚夫出轨。男主女儿牵住女主的手
3.女配拿蛋糕要砸女主，女主转身躲避，砸到背部，女配捡起地上的蛋糕要砸女主，被女主拦腰抱摔在地。女配女主地上扭打，女主把蛋糕按、抹在女配脸上。",通过,通过,通过,通过
103,,,"故事起因：女主在医院卖血时几乎晕倒，医生严厉警告这必须是最后一次。她小心收好钱放进储蓄罐，电视正播报着神秘富豪男主的新闻。男主其实就在医院装扮成普通人献血，这家医院是他的。两人四目相对，女主因虚弱晕倒，无意间透露她卖血是为供男友上学。
女主撞见男友与表妹偷情，彻底崩溃。其实男友早已辍学，用她辛苦赚来的钱给表妹买了订婚戒指。表妹得意洋洋地炫耀戒指和双胞胎验孕单，嘲讽女主不配参加他们的婚礼。他们将女主攒下的钱撒了一地，钱币落在她脸上，嘲笑她毫无价值，没人娶她。当女二恶意推医疗车要撞向女主时，男主挺身而出。他当场宣布要娶女主。男主暗示保安将那对狗男女带走。临走前，女主将尿杯泼向表妹，扳回一城。随后，男主真诚安慰并向伤心欲绝的女主求婚。
刚领完证，女主忐忑不安。问男主喜欢什么颜色，他却说""蓝色，像你的眼睛""。接到继母电话，女主匆匆离开。被迫干活时，男主暗中调查她的处境。继母正要把她的脸按进脏水，男主及时赶到护住了她。家人嘲笑男主是普通工人，不知他就是真正的CEO。女主继姐竟当着他的面吹嘘自己将嫁给那位CEO，夸口一见就能让他倾心。继母发现工牌上的公司名，他巧妙解释只是员工制服上的标志。
被赶出门后，女主搬进男主豪宅。质疑他的显赫财力，男主坦白自己建了那家医院，献血只是志愿服务。最终告诉她真相——他就是继姐要嫁的CEO。问他为何选择自己，男主说因珍视她的真心，而非继姐的拜金。
意外碰撞间，女主注意到男主结实身材。男主要给她钱她不要，男主却说婚姻本就该共享一切。两人亲嘴，但男主奶奶到访，开始对女主朴素打扮的批评。
主角主要目的：女主想摆脱被继母继妹虐待，被男友背叛的悲惨处境
经历主要阻碍事件：
1. 女主被前男友和表妹残忍欺骗，使她对爱情失去信心
2. 女主继母和继妹虐待女主，男主暗中调查并保护她
3. 女主继妹声称即将嫁给男主（CEO身份），制造身份误会
4. 男主隐瞒真实身份，女主对突如其来的婚姻和男主明显财力感到疑惑","女主：善良但生活艰难，不惜献血资助男友，被欺骗后遇到真爱
男主：亿万富豪CEO，装扮成普通人寻找真爱，救助女主
女配：女主表妹/继妹，与女主前男友偷情，嘲笑女主
男配：女主前男友，欺骗女主，用她的钱给表妹买订婚戒指",当女主与男主感情逐渐升温，男主奶奶突然到访并对女主朴素的着装提出批评。男女主新婚夫妇的感情面临家族的考验,"1.女主在职场上被霸凌，男主来公司，男女主纷纷疑惑：他/她来这干嘛？主管恭敬对男主，女主疑惑，这是男主的公司？女主进会议室发现主管用的PPT是自己做的，主管设计绊倒女主，女主咖啡撒了男主一身。主管让男主开除女主，男主说对的，你被开除了。
2.男主前女友拿出DNA报告上面写着男女主是堂兄妹。男主舍不得女主，但女主狠心要分开。男女主准备签署离婚协议之际，一个男人带着男主前女友进来，似乎要告诉他们真相。
3.女主被恶毒女陷害毁坏商店裙子要赔付。女主掏出男主卡，店员刷，发现是男主卡，认为女主不可能有大人物的卡，警官以信用卡盗窃抓住女主。商场工作人员检测到男主卡在商场被刷了，赶去。男主先赶到，看到店员在剪她声称的仿制卡，生气。商场工作人员也赶到，警官已经逮捕了男主，认为男女主都是信用卡诈骗。男主打电话，让商场工作人员听，工作人员听后脸色一变，震惊看向男主。",通过,通过,通过,通过
104,,,"故事起因：富家千金女主亲眼目睹父亲被保镖一家推下楼制造成意外死亡，她自己也被割肾换给女配后扔进海里，女主侥幸未死，三年后归来，发现女配顶替了她的千金身份，她的名字甚至未婚夫都被女配拿走，女主开始以女配的身份复仇。
主角主要目的：复仇女配一家
经历阻碍事件：
1-女主寻找证明身份的证据，被当场抓住。
2-女主被女配送给丧妻老男人
3-女主被女配家带回去囚禁；后续女主自证身份，女配找到女主软肋以之威胁","男主：当年被女主弹钢琴的背影吸引，跟女主家有婚约。女主家发生事故后，误以为女配是女主，娶女配后，莫名排斥她，一直没同房。
女主：小时候被女配下毒，脸上长红斑自卑，总是躲在屋子里，都是女配帮忙出席公共场合。后被女配割肾扔进海里，变成植物人的几年，容貌恢复，回归复仇。
男二：女配弟弟。
女二：保镖女儿，爱慕男主",女主设计春药发作的女配弟弟扑倒女配，让男主抓奸。男主要修理弟弟时，弟弟大喊女主根本就不是XXX（卡在即将在男主跟前暴出女主身份）,"吸睛事件：
素材1：女主被割肾，绑上大石头扔进海里
素材2：女配跟男主结婚纪念日上，女主抢风头，并巧妙利用女配身份将女配父母送进监狱
素材3：女主被老男人下药，女配哥哥带走女主欲行不轨。",不通过,不通过,通过,通过
105,,,"故事起因：女主独自一人去医院，被医生告知患胃癌，结果看到老公跟娘家人陪养女（女配）看小感冒。女主想到多年的付出，想到对亲生父母的讨好，结果自己地位甚至不如保姆，女主决定离婚，最后的日子只想远离渣父和瞎眼的家人，做回自己。
主角主要目的：远离渣男和父母家人，勇敢做自己
经历阻碍事件：
1-女主要离婚被渣男羞辱诋毁
2-女主受邀参加宴会，因穿着被渣男贬低。宴会上，女主被女配找麻烦污蔑成小三。
3-奶奶寿宴上，女配污蔑女主弄坏了某大师的名画，女配趁机找女主麻烦（女主指出画是假的，并且当场画了一幅，某大师出场，指出女主身份。全场震惊。）","男主：圈中大佬，六年前被女主所救，对女主念念不忘，但因女主已婚，一直保持距离。
女主：多马甲。击剑大师，神秘画师。被亲生父母接回后，她只要比养妹优秀，对方就作妖，为了讨好亲生父母，一直掩藏本事。体检查出患胃癌，其实是跟一个同名的人拿错报告了，女主只是普通胃病。
男二：某公司老板，自以为是，好面子，随意驱使女主。
女二：养女。会一些才艺，很绿茶，深受养父母他们喜欢，时常跟渣男出席宴会，很多人以为他才是渣男老婆。",渣男他们羞辱女主穿的衣服土，怕女主丢人，让她脱，女主不愿意，渣男上手帮忙脱。关键时刻男主出现救场。,"吸睛事件：
素材1：女主被查出癌症，却发现渣夫跟亲生父母陪着女配看小感冒。
素材2：宴会开始前，渣男碰到女主，以为她是来讨好。贬低女主穿着丢人，甚至要脱女主衣服，男主救场。宴会上女主穿着男主送的礼服惊艳亮相。宴会跳舞，男主邀请女主跳开场舞，女主被嘲讽只会做饭没才艺，女主花式打脸渣男，受宾客赞美。女配嫉妒，渣男被女主惊艳，自以为是的让女主滚过来道歉就原谅她，因渣男的话，宾客猜测女主是渣男妻子，女配慌了。后渣男他们因事离开，女配趁机污蔑女主是小三。后男主救场。
素材3：击剑场上，女配横插一脚，结果被女主打脸。渣男看到女主的优秀，心里后悔！",不通过,不通过,通过,通过
106,,,"故事起因：女主发现渣男劈腿闺蜜，还讨论女主身上有尸臭味，宁愿上头猪，都不想碰女主。要不是女主身段好，能代替闺蜜走秀，帮闺蜜成名，也不会容忍女主这么久。女主失望，酒吧买醉，跟男主一夜情。事后，要跟渣男他们划清界限，渣男仍想榨干女主价值，各种威胁女主。女主在男主帮助下反击渣男贱女。
主角主要目的：收拾渣男贱女，活出自我，收获爱情
经历阻碍事件：
1-女主被渣男威胁走秀，女主假装答应，在秀场上揭穿渣男贱女真面目，却被倒打一耙。
2-女配卖惨，煽动粉丝围堵女主
3-男女主关系转正","男主：创一代，圈中大佬。
女主：法医，兼职模特。
男二：某经纪公司老板，为了更好掌控女主，设计女主在模特圈被封杀。
女二：女主闺蜜，大学同学。嫉妒女主能力。",渣男当众羞辱女主，动手脱女主礼服，关键时刻，男主出场,"吸睛事件：
素材1：女主被渣男伤到，酒吧买醉，跟男主一夜情。
素材2：女主秀场当众揭穿渣男走秀作假，却被倒打一耙，渣男甚至当众扒掉女主礼服，关键时候男主出场救美。女主发现男主竟是渣男小叔。
素材3：渣男母亲给女主下会变智障的药，结果让自家儿子喝了。",不通过,不通过,通过,不通过
107,,,"故事起因：男主错认了白月光，因为女配设计，还误以为女主是推爷爷下楼的凶手，女配也假装在救爷爷时落下病根，需要用女主的脐带血救命。男主因此娶女主，还拿女主给女配当血库。后女主查出绝症，因一次次过分行为对男主死心，开始远离男主。
主角主要目的：证明自己清白，暖不了男主的心后决定远离男主
经历阻碍事件：
1-女主无法证明爷爷的死跟她无关。
2-女主告诉男主她要死了，男主不信，女配在旁边拱火。
3-女配设计，让男主各种误会女主。","男主：总裁。
女主：各种背锅小白花。她不知道男主错认了白月光，觉得男主掌心宠是继妹。查出绝症让医生保密不告诉男主。
男二：女主追求者，有名的医生。男女主感情PLAY中的一环。
女二：女主继妹，绿茶。",女主浴缸自杀，男主正被白月光推到在床上勾引。男主最终回去找女主，发现女主躺在满是血的浴缸里,"吸睛事件：
素材1：女主做梦跟男主的婚礼，结果画面一转，婚礼变灵堂，花圈，死人摆面前，周围人指责她，骂她贱人小三，害人精，怎么不去死。女主惊醒，男主强迫她去医院打排卵针。
素材2：绝症女主告诉男主她要死了，男主不信，继妹拱火。躺在浴缸自杀，男主在陪白月光
素材3：男主跟女配订婚典礼上，女主出现，绝症发作的她，吐血昏倒，男主送去医院，才知道女主胃癌晚期。",不通过,不通过,通过,通过
108,,,"故事起因：女主跟母亲去男主家吃年夜饭，中途男主接到白月光电话，将女主和患有哮喘的岳母放在路边不管不顾。大雪天，岳母哮喘发作，而急救设备在男主车上，女主打电话，男主嫌烦关机，女主母亲抢救不及时死亡。而此时女配发朋友圈配图是跟男主的幸福时刻，女主彻底死心，跟男主分手。
主角主要目的：揭穿白月光真面目，跟男主分手
经历阻碍事件：（同类替换）
1-女主要跟男主坦白母亲的死，白月光多番作妖，女主没来得及说，甚至还被男主数落她们母女矫情。
2-订婚礼上，女主缺席，托闺蜜将装母亲死亡证明的盒子和白月光跟别的男人勾搭，将商业机密给别的公司等相关证据拿给男主。男主正要打开盒子，白月光装心脏病发作昏迷。
3-女主的新品发布会代言被男主换给白月光，女主死心要离职，白月光还闹自杀","男主：跟女主共同创立某公司，是公司老板。眼盲心瞎，容易偏听偏信。
女主：公司副总，比较有能力。当初陪着男主创业。
男二：白月光勾搭的男情人，另一个公司的老板。
女二：男主白月光，女主闺蜜，看中的都想抢到手。恶心的破坏者。",一卡：订婚礼女主没来参加，白月光上茶艺，这时候女主闺蜜拿来了装着死亡证明的盒子和白月光卖商业机密的证明。卡在男主正要打开盒子（期待男主看到盒子里的死亡证明和挪用公款证明）,"吸睛事件：

素材1：女主带着母亲跟男主去他家吃年夜饭，男主接到白月光电话将女主跟岳母丢在路边，岳母被冻得哮喘复发，抢救不及时死亡。男主不知女主母亲死亡，不满责怪女主没及时去吃年夜饭，女主没来得及说母亲死亡，白月光在一旁上茶艺装病，女主失望，提出分手。男主说他们矫情挂断电话。

素材2：新品发布会上，女主本来是发言人，结果被男主替换成他的白月光。女主发微博要离开公司，男主觉得女主小肚鸡肠。白月光上演茶艺闹自杀跳楼，男主拉着女主删微博并给白月光道歉。事后白月光挑衅女主，设计诬陷女主跟别的男人上床

素材3：男主终于知道白月光真面目，将白月光送进监狱。后终于知道女主母亲因他的缘故而死，后悔愧疚，最后为女主挡刀而死。",通过,通过,通过,通过
109,,,女主为了母亲的医药费，接受男主妈的雇佣，勾引逃避继承家业的男主。女主却渐渐爱上男主并怀孕，在男主妈的胁迫下和男主分手。男主认清现实继承家业翻身变总裁，三年后男主撞见艰难打工的女主，以报复的理由拉着女主领证结婚。两人意识到对彼此的爱，解开误会走到一起。,"男主：不愿继承家业的画家化身变态总裁，被女主抛弃后性格扭曲嘴硬心软
女主：善良真诚的餐厅服务员",男主得知女主已经怀孕,"吸睛事件：
素材1：女主打工被客人故意调戏取乐，男主目睹
素材2：男女主吵架，男主故意讥讽女主，闪回两人分手真相，女主想离开被男主强吻。",不通过,通过,通过,不通过
110,,,男女主之前是男女朋友，女主误会男主即将结婚，伤心离开。三年后，女主结束学业准备工作，却发现爸爸安排照顾自己的好友正是男主，两人再相逢。男主强势和女主同居，女主因误会不断逃避，两人最终解除误会走到一起。,"男主：总裁，性格强势，女主爸爸的好友
女主：实习护士",女主被前男友骚扰辱骂，男主赶到推门,"吸睛事件
素材1：女主目睹男主向别人求婚，误会男主移情别恋背叛自己，伤心离开
素材2：三年后，女主爸说自己安排好友照顾女主，男主出现两人再相遇。男主利用身份优势提出同居。
素材3：女主被前男友骚扰折磨，男主赶到打跑前男友，吃醋强吻女主。",不通过,通过,不通过,不通过
111,,,女主被渣男小三害死，重生到半年之前，被渣男下药意外和渣男的叔叔男主一夜情。女主及时提出让男主规避风险，引起男主的注意。女主打算利用男主对渣男贱女进行复仇，并逐渐爱上男主。两人成功打脸渣男小三走到一起。,"男主：商业大亨，渣男的叔叔
女主：富家千金，总裁
男配：一直活在男主的阴影之下，想夺走女主的公司
女配：电视台主持人",渣男以为女主被糟蹋有去无回，自己能够继承女主遗产洋洋得意，结果女主带男主归来打脸。,"吸睛事件：
素材1：女主怀孕被渣男小三绑架到郊外殴打活埋，并得知腹中是陌生男人的孩子，渣男即将继承女主公司，女主不甘心死去
素材2：女主重生到被渣男下药的那一晚，走错房间和男主一夜情。第二天女主认出男主身份，想起前世男主结局，及时提醒男主规避风险，引起男主注意。
素材3：渣男以为女主被糟蹋有去无回，在公司趾高气扬发号施令，结果女主携手男主归来打脸。",通过,通过,通过,通过
112,,,女主为了筹集母亲的医疗费，答应黑帮老大男主，做他的契约情人。男主自负＋口是心非，觉得女主只是一个玩物，故意苛待女主，没有意识到自己已经爱上女主。女主检查出怀孕想告诉男主，却被男主的未婚妻当面羞辱。女主忍无可忍决定离开，男主以为女主无理取闹，女主真正离开后却发现自己早已爱上女主。六年后男女主再相逢，男主追妻。,"男主：黑帮老大，前期自负后期深情
女主：有自尊心，销售经理
女配：男主未婚妻",女主被送到医院抢救，男主即将得知女主怀孕。,"吸睛事件：
素材1：女主为了母亲的医药费，自愿献身男主。
素材2：女主被欺负为难时男主英雄救美，两人爱上彼此，男主口是心非故意为难女主，女主筹够医药费想要离开却检查出怀孕。
素材3：女主想告诉男主怀孕被打断，女主被女配为难推进泳池，下腹出血送到医院抢救，男主赶到即将得知女主怀孕。",通过,通过,通过,通过
113,,,女主本是富家千金＋顶级黑客，学生时代就暗恋男主，所以毕业后隐藏身份担任男主秘书，两人秘密约会。在家人的催促下女主打算坦白自己的身份，却在公司遇到男主的未婚妻女配并被当面挑衅，女配冒领女主功劳，吸引男主。女主伤心决定离开，却发现自己已经怀孕。,"男主：总裁，误会女配是帮助公司的黑客，眼盲心瞎
女主：富家千金，顶级黑客，暗恋男主多年
女配：男主未婚妻",女主被女配推到，女主父亲赶来救场，女主身份即将揭露。,"吸睛事件：
素材1：男主公司系统遭遇攻击，女主默默出手帮助。男女主办公室秘密约会，女主父亲催促女主坦白身份。女主打算坦白身份，女配却来到公司支使女主干活，通知所有人自己是男主的未婚妻。
素材2：男主误以为女配是帮助公司的黑客，为了报答女配同意结婚。女主伤心决定离开，发现自己怀孕。
素材3：女配污蔑女主，男主袒护女配，女主转身离开。女主被女配贬低，揭露真实身份打脸。",不通过,通过,不通过,通过
114,,,女主想要探望和富家女结婚的儿子，却被儿媳嫌弃寒酸赶出家门。前夫骚扰女主，女主只得谎称自己已婚，女主走投无路之际意外遇到善良女配，女配将女主介绍给同样单身的父亲男主，两人目的一致闪婚。与此同时女主的前夫屡次挑事，儿媳一家嫌弃女主，男主携手女主打俩虐渣的同时也渐渐揭露自己的真实身份是总裁，两人最终走到一起。,"男主：总裁，隐藏身份和女主闪婚
女主：被儿子儿媳拿走所有的钱并嫌弃
女配：男主女儿",男主身份什么时候暴露,"吸睛事件：
素材1：女主被儿子儿媳拿走所有钱，变成穷光蛋被赶出家门，经女配介绍和男主闪婚。
素材2：女主误会男主是管道工，决定和男主好好过日子，男主回办公室暴露总裁身份。
素材3：女主被前夫等人欺负，男主赶到，总裁身份即将掉马",不通过,不通过,通过,通过
115,,,渣男女主婚后，女主发现渣男出轨，伤心，又得知自己得了癌症，以目前的医疗水平无法治疗，来日无多，于是去参加自己主持的冬眠技术实验（因缺少志愿者而停滞），将冬眠十年，伪造了自己的死亡通知书，留给渣男。渣男得知女主死亡，后悔莫及。少年男主暗恋女主，等了女主十年，在这十年里研究出癌症治疗方案，十年后女主醒来，男主也已经长大成人，追求女主，治好女主的癌症。渣男发现女主未死，但这时女主已经跟男主在一起了。,"女主：科学家，冬眠技术负责人
男主：天才医学家，出场年龄十八岁。女主家养子，女主没有血缘关系的弟弟。喜欢女主，但以前女主觉得他还小，只把他当弟弟
渣男：总裁，爱女主但是管不住自己的下半身，屡屡伤害女主",渣男收到女主的死亡通知书,"素材1：女配不断挑衅女主，而男主一次次为了女配丢下女主，伤害女主
素材2：女主去参加冷冻人实验，在门口和渣男擦肩错过，渣男这边在举办结婚纪念日，另一边女主躺进冷冻舱，渣男收到女主的死亡通知书
素材3：少年男主守在冬眠舱前，十年时光过去，冬眠舱内的女主没有丝毫变化，男主却在渐渐长大。女主醒来，看到曾经的男孩已经成长为男人",通过,通过,通过,通过
116,,,女主是天才芭蕾舞女演员，却从小生活在破碎病态的家族，她失去父母后，大伯一家人收养了她，但用女主最看重的爷爷限制女主，把女主当做摇钱树，女主一场演出价值不菲本可以做自己，但是大伯一家又碍于自己的旧贵族身份以及控制欲不允许女主做出过于出格的事情，女主在这之中养出了扭曲的性格，表面上温柔完美，实际上病态偏执神经质。男主是老钱家族继承人，在一场婚礼里看见了女主释放真我的样子，对其感兴趣，两人越走越近。女主家族姐姐痛恨女主的能力认为自己上自己也行，于是处处给女主使绊子，教训女主，女主最初只是把男主当成一枚棋子，但在男主一次又一次的真心下，女主爱上男主，最终女主在男主的帮助下焕发新生,"男主：优雅成熟狠厉老钱家族继承人
女主：表面优雅大方温柔，实际疯批阴暗芭蕾舞演员。因为自己的爷爷被大伯家的私人医院控制，所以不得不在明面上为大伯赚钱，在这多年的相处大伯的控制中，也对大伯有了一些生理性害怕
女2：女主姐姐（大伯家的女儿）同样是芭蕾舞演员，但是永远比不上女主，也觉得女主是家里多余的人，认为自己如果有女主的舞蹈机会一定能比女主挣得多，心生怨恨
大伯：女主血缘上的大伯，控制狂，不能接受任何一点东西不按自己心意来，对女主死去的父亲有着别样的感情，恨当初让自己家族联姻娶了妻子的爷爷，在对女主的控制中满足自己见不得光的小心思，不能接受女主跟男人发生关系，甚至不允许女主出嫁，想一辈子把女主掌控在手里","女主被姐姐用奶奶威胁，欺负侮辱，姐姐甚至要给女主灌硫酸，说反正芭蕾舞演员只需要脚，危急时刻，男主赶到
或者
女主姐姐找人打算欺负女主，破坏女主的芭蕾舞表演，女主自己拿刀显露真面目吓退坏人，看着赶来救场的男主上去揽着他脖子说“操我”？","素材1：温柔优雅的女主被姐姐刁难还陪着笑脸跳完芭蕾舞，男主刚在楼上嘲笑完女主这样的人很无趣，下一秒却看见女主独自相处时变了冷淡神情，用汽油铺满了姐姐的婚礼，等姐姐进来时一根火柴引起了火灾，婚礼被毁，女主痛快回头问男主，睡吗？
2.女主回家之后被禁闭绝食鞭打，交代女主在家里处境，男主跟女主上床之后被激起兴趣，但苦于女主离开，他找不到女主，于是交代手下寻找女主
3.女主家族为了价值不菲的演出只能提前放出女主，但女主姐姐怀恨在心，演出中故意给女主鞋子放了图钉，后堵住女主说要给女主灌硫酸，反正女主跳舞不需要嗓子，危机时刻，男主出现",不通过,通过,通过,通过
117,,,故事起因：女二生日当天，养兄未婚夫为了抢夺财产，将女二谋杀，制造出女二旅游失踪的假象，想拖到继承大会当天继承公司。男主是女二的小叔，怀疑女二的死有蹊跷，一直暗中调查。为了不让财产落入贼人手里，男主意外找到女主，让女主假冒是女二失散多年的妹妹/或者让女主假冒私生女，让其继承遗产。而女主则是无父无母的孤儿，平日里做些招摇撞骗的行当，一夜成为富家千金，过上了梦里才有的暴富生活，于是一边潇洒，一边掉马，同时也意外收获了一份真爱。,"男主：年上男，帅气多金，有涵养，学识丰富，会成为女主贫瘠人生上的领路人
女主：阳光开朗，坚韧不屈，招摇撞骗的塔罗牌女巫","女主在酒吧被刁难，男主出场撑腰
或
继承大典上，女主险些被渣男揭穿是假千金","1、女主在地下室吃泡面，男主华丽出场，让女主假冒千金，女主震惊
2、男主为女主华丽变身， 女主一夜暴富，想回去告诉男友，却遭遇男友背叛，男友嫌弃女主穷，女主打脸
3、女主买醉，酒吧遇到老同学刁难，男主出场撑腰
4、继承大会，女主华丽出场，随即被拆穿是假千金",不通过,通过,不通过,不通过
118,,,"1.男主这五年间已经被妈妈安排相亲，有了爱慕自己的女2。女主因为公司出差去男主的公司合作，以及为了治疗孩子的病情不得不回到男主的城市。女2对女主的到来百般抵触，设计女主在工作中出丑
2.男主质问女主为什么还出现在自己身边，女主无颜说出孩子的事情，男主以为女主故意挑衅自己，抱女主上床，女主扇男主巴掌
3.女主在医院被女2故意刁难，羞辱，还拿走了自己孩子的特效药，女主没忍住教训女2，男主护住女2，医生出来说需要输血，男主想上前输血，女主拦住，差点脱口女儿是男主孩子。","女主：普通工薪家庭，坚强温柔
男主：富有总裁，深情霸道。因为觉得是女主害死了自己父亲对女主又爱又恨
女2：男主仰慕者，未婚妻，看不惯女主，恶毒
男2：女主仰慕者，希望自己可以当上女主女儿的父亲，温柔
男主妈妈：记恨女主害死了自己老公，给男主传递了很多错误消息，害女主，最后因为男主对女主的爱妥协",女主在医院里差点说出男主是自己孩子的父亲,"1.医院里，剪辑女主女儿生命垂危，急需输A型血，在场人只有男主是A型血，他自告奋勇要输血，但女主反应激烈，坚决不让男主输血，因为近亲不能输血，男主不可置信女主的做法，女主差点吐露女儿是男主孩子的真相。
2.闪回当年的车祸一事，车上，因为女主的撒娇导致女主妈妈没看车，发生车祸，男主爸爸去世，男主昏迷。男主妈妈恨女主，撒谎说女主以为男主将成为植物人就带着自己妈妈离开了，实际上女主妈妈也死在这场车祸，男主妈妈给了女主钱让女主滚得越远越好，女主怀着男主的孩子，却无颜见男主，去国外一个人生下孩子抚养
3,。女主女儿有先天性疾病需要回国找特定的大师治疗，女主和男主重逢，男主字字诛心询问女主怎么还有脸回来，恰好他手里有那个大师资源，刁难女主不给她资源，除非女主作陪，女主甘愿作陪，男主忍不住说女主怎么这么贱，不想女主接到女儿生命垂危电话，急忙离开，男主跟上。但却在医院里遭到女2的刁难挑衅，甚至抢走了女主要给女儿的特效药。时间回到开头一幕，当女主要说出男主是孩子父亲时候，护士出来说找到血缘了打断两人相认。
4.女主带着痊愈的女儿打算回国外。但在这之前两人决定去祭拜女主母亲，不想跟同样来这里祭拜父亲的男主和男主妈妈遇到，男主质问女主怎么还有脸来，女主忍不住说自己也失去了妈妈，男主惊讶瞪向自己妈妈，问“你不是说她当年带着她妈妈离开了吗？”",通过,通过,通过,通过
119,,,故事起因：女主一直以为自己是孤儿，职业是实力艺术策展人，渣男男2是艺术家，为了女主的能力假装爱她，实际偷偷和女2（女主闺蜜）出轨，终于，在渣男名声大噪的那一刻，男2和女2在女主面前偷情，背叛了女主，并且把女主推下山崖。女主却没死，被自己失散多年的富豪母亲救下，原来女主是富豪的女儿，女主换回自己真正的名字，改头换面对渣男和女2发起复仇。之后，女主遇上了青梅竹马男主，在男主的疗愈和帮助下打脸渣男和女2，完成复仇，和男主在一起,"女主：实力艺术策展人，前期胖女孩天真无比，一心为了男2付出，被背叛后华丽变身商业女王，优雅精致。
男2：渣男，画家，为了女主的策划能力和人脉假装对她好，其实早就和女2出轨
女2：女主闺蜜，调香师，同样是为了女主的策划能力和人脉才跟她玩，内心看不起女主，蛇蝎心肠
男主：富商总裁，成熟深情，从小暗恋女主，但因女主失踪与女主分开，长大之后和女主相认",女主故意给男2投资项目，要求他来宴会谈合作，万众瞩目之下女主登场，全场所有人都在震惊女主的魅力，男2却瞪大眼睛脱口女主的名字（给人似乎女主第一步计划就失败了的感觉）,"1，女主被渣男女2为了艺术之名浸泡在颜料里看女2脱衣服与自己丈夫搂抱，好不容易爬出来之后被男2女2要求戴着游泳圈滚着出房间，以提供艺术灵感，女主照做，实际她出去之后男2女2就笑她，并且开始亲吻。女主狼狈出来，还被渣男母亲嫌弃把家里弄脏了，辱骂她是肥猪要求女主打扫干净
2.女主意外戳破男2女2两人奸情，出来质问，并且表达一定不会善罢甘休的意愿，被女2男2慌张中推下悬崖
3.女主被富豪妈妈救回，认回身份，还和男主相见，女主发誓要报仇，在一次次减肥中华丽变身，貌美无比
4.女主联合男主的名头故意给男2投资项目，万众瞩目之下女主登场，全场所有人都在震惊女主的魅力，男2却瞪大眼睛脱口女主的名字",不通过,通过,通过,通过
120,,,女主出生在吸毒家庭，母亲患有强烈毒瘾，总是对女主非打即骂，并且女主还有一个重病在场的爷爷，为了拯救爷爷给爷爷做手术，女主母亲总是要求女主给钱，女主迫不得已准备去卖卵，也因此结识了冷淡医生男主，男主为了劝女主放弃想法而约见她，却不想自己却对女主一见倾心。两人展开床上交易，女主拿钱走人。女主家庭逼迫女主交出更多的钱，女主交不出来，毒虫母亲便骗女主去夜店打工，实际悄悄联系黑社会要把女主卖给黑社会换钱，女主被下药，黑社会男要把女主注射毒品以后当娼妓给他们持续换钱，危急时刻，男主出现解救女主……女主和男主在一系列发展中生出不一样的感情，男主爱上女主，两人甜蜜在一起,"女主：坚韧自强小白花女主
男主：成熟稳重医生，杀伐果断，不苟言笑，大家族少爷",女主即将被黑社会注射毒品,"1.女主下雨天躲进男主家，说“我会卖的，我很干净”闪回前因后果，女主有毒瘾的妈，卧病在床的爷，以及女主看见卖卵广告之后的决定。闪出，女主被故意装作凶神恶煞的男主吓到，说自己再也不卖卵就想离开。但这时候女主母亲电话打进来要钱，女主想起瘫痪的爷爷狠狠心又回男主家要卖东西，说卖什么都可以，男主本来就对女主一见倾心，两人发生关系

2.女主回家交钱，被毒虫母亲羞辱，要她拿回更多的钱，女主只想问爷爷的情况，却遭到母亲拳打脚踢，女主伤心失望跑出家门，想再拨打男主电话，还是忍住。女主母亲毒瘾发作去要毒品，和黑社会说女主随便他们处置，只要给她毒品，黑社会答应。

3.女主被母亲骗去夜店打工，却被一群男人围住，说她母亲让她来这里是当娼妓的，女主不从，黑社会大怒。拿起毒品就要给女主注射，危急时刻，男主赶到。",不通过,通过,通过,通过
121,,,"故事起因：

上辈子，渣男和继妹为了争夺财产，制造车祸将女主迫害，在车子即将爆炸的时候， 男主冒死前来救女主，女主这才知道原来自己一直惧怕的男主深爱着她，最后两人双双死于爆炸。重活一世，女主决定报复打脸渣男和继妹，并且回应男主深沉的爱。","男主：黑手党家族继承人，帅气冷漠，视生命为蝼蚁，却默默深爱着女主，将女主视为自己的软肋

女主：生长在阳光下的向日葵，父亲是黑手党家族的长老，教父的副手，女主厌恶害怕黑手党干的勾当，想要逃离，所以很长一段时间生活在农庄，因此被渣男嫌弃是土包子

男二：风流男明星，擅长伪装的毒蛇，被家里逼迫和女主联姻，既要美色也要金钱，因此看不起土土的女主，喜欢女主的妖艳继妹，后期下场惨烈",渣男在婚礼上抹黑女主，女主一改丑小鸭形象，华丽出场，惊艳众人，打脸渣男,"1、女主四肢被捆，困在驾驶座上，向车窗外的未婚夫和继妹乞求，但未婚夫却言语侮辱女主，表示只有女主死了，他和继妹才能双宿双飞，然后启动车子，让女主坠崖。女主身受重伤压在车内，车即将爆炸的时候，男主前来营救，女主临死前才知原来她生前惧怕的人深爱着她。

2、女主意外重生，却回到女主被渣男下药陷害的这一晚上，渣男原想要把女主送到秃头老总床上，但女主逃过去，意外和男主一夜情。

3、第二天，女主报复渣男，知道渣男和继妹还在酒店里，于是带着记者闯入渣男房间，让渣男社死。

4、女主和渣男的婚礼，女主先是派人去当众退婚，宾客们暗中嘲笑渣男软饭都吃不上，渣男嘴硬说是女主又丑又土，结果女主华丽登场，从土妞变成了摩登女郎，惊艳众人",不通过,通过,通过,通过
122,,,"故事起因：两年前，男主和女主相识于乐队，男主是著名吉他手，出身音乐世家，女主来乐队应聘主唱，男女主机缘巧合下，相识热恋到订婚。

两年后，乐队名声大噪，享誉全国，女主也怀孕，正要和男主策划婚礼的时候，男主的白月光带着孩子归来。
原来男主一直将女主当做替身。
而白月光想要抢回失去的东西，频频在男女主之间制造误会。
白月光不仅要争夺主唱的位置，甚至在男女主拍婚纱照的时候，带着自己的孩子一起参与。
而男主则一次次选择白月光，伤透女主的心，还让女主流产。
最后女主决定离开，回归豪门，而身为乐队投资人的男二，默默守护陪伴女主，最后男二上位，男主追妻火葬场。","男主：著名吉他手，出身音乐世家，性格放荡不羁，浪子属性，一开始只是将女主当替身，后来爱而不自知，失去女主后才后悔莫及。



女主：天赋型歌手，外表秀丽，性格温柔大方，出身高贵，是传闻中的天才作曲家，隐藏身份成为了乐队主唱，原以为找到了一份真爱，却被男主无情背叛。



男二：深情年上男，帅气多金，默默守护着女主，在女主成为乐队主唱后，暗中投资乐队，后来女主情场失忆，男二一点点带她走出了阴霾。",音乐交流会当天，女主以真实身份回归，惊艳打脸众人。,"1、女主查出怀孕，却意外得知未婚夫和白月光有个孩子。继而加入口播：主角之间的关系，男女主相识于乐队，从相恋走到婚姻殿堂，女主却在举办婚礼的前夕得知，男主只是将她当做白月光替身。
2、男主多次为了白月光，抛下女主，甚至在男女主拍婚纱照的时候，白月光带着孩子前来，要一起拍，侮辱女主。
3、白月光逼迫女主让出主唱位置，却故意将女主推下舞台，男主前来，却选择救白月光
4、女主流产，伤心欲绝，决定回归豪门，在音乐交流会当天，以天才作曲家的身份回归，惊艳众人",通过,不通过,通过,通过
123,,,"故事起因：
女主奶奶生重病，唯一的愿望是看到女主走进婚姻殿堂，于是女主前去和男友求婚，却抓到男友和闺蜜出轨，男友嫌弃女主是没有家世的乡下妹，只能在乐团当小助理打杂，不能对他的事业起到帮助。女主伤心欲绝，路边买醉，意外救了车祸重伤的男主。男主出身豪门，并且是乐团的投资人，醒来后提出可以满足女主一个心愿来报恩。女主想起奶奶，便让男主和她结婚。男主第一反应是女主居心不良，于是隐瞒身份，伪造自己是穷鬼，想试探女主，但女主不嫌弃，表明是假结婚，就这样男女主闪婚并且同居。而渣男和闺蜜以为女主嫁了个穷鬼，对女主刁难嘲笑，男主则霸气护妻，打脸众人。最后男女主在一次次挫折中，相互吸引，直到相爱。而女主也凭着自己的实力，成为了乐团首席。","女主：乐观开朗，虽然在乐团打杂，但音乐天赋高，后来通过自己的证明，打脸曾经瞧不起自己的反派，成为乐团首席并且收获一份真爱。

男主：帅气多金，性格冷傲，是乐团投资人，认为爱情是无用的东西，一开始觉得女主别有用心，被女主小太阳的性格吸引，并且爱上。",男主装穷人，来女主乐团当评委，险些暴露自己的真实身份,"素材：
1、口播男女主之间的关系，女主渣男背叛，伤心买醉，意外救了受伤的男人，并且提出闪婚，女主以为对方是个穷鬼，却不知对方身价千亿，是女主乐团的投资人。
2、乐团考核首席，男主前来当评委，险些在女主面前掉马。
3、女主参加首席考试，被众人嘲笑，瞧不起，考试当天女主找不到给她钢琴伴奏的男搭档，众人纷纷看好戏，就在大家都不看好的时候，男主戴面具出场为女主伴奏，女主通过第一轮考试，打脸众人，同时也险些掉马
4、渣男得知女主嫁人，心里不平衡，后又得知女主的丈夫是穷鬼，于是在乐团周年庆当天，刁难侮辱女主，最后男主出场公开身份，为女主撑腰。",不通过,通过,通过,通过
124,,,"故事起因：渣男小三为婚内财产和保险将女主推进火场，女主被同样遭到小三抛弃的男主所救，女主因脸被烧坏而整容。女主和男主联手，复仇渣男贱女，在复仇过程中，女主跟男主产生情愫。
主角主要目的：复仇渣男贱女
经历阻碍事件：
1-女主换脸华丽登场，被渣男发现身上的疤痕，怀疑身份
2-小三因女主的离间，关注女主，发现女主跟渣男亡妻很像，找到证明证明女主就是亡妻
3-男主因女主勾引渣男而吃醋，拉着女主亲热，渣男出现，两人险些被撞破","男主：总裁，曾经重病要死了，被女配抛弃，但后面病愈。救女主是因为有共同的仇人。后被女主的魅力三观吸引，爱上女主。
女主：被渣男推下海后以男主已故妹妹的身份回归。
男二：渣男，某上市小老板。
女二：小明星。小三。男主前女友。发现男主不但继承家业，还身体恢复健康，后悔！",小三被女主反设计失身油腻男，视频在小三代言的新品发布会上传播，小三颜面扫地。,"吸睛事件：
素材1：女主换脸成功后，以男主妹妹的身份举办回国宴，邀请渣男小三，女主故意跟渣男暧昧，渣男上钩。事后，女主引诱渣男，让小三看到，小三产生危机。而男主却因为女主跟渣男“亲热”吃醋。
素材2：女主勾引渣男假上床，设计小三抓奸，却被女主反设计失身油腻男，视频在小三代言的新品发布会上传播，小三颜面扫地。
素材3：小三发现女主是前妻，想办法找麻烦，却被女主反设计。渣男所有财产，因女主的设计全进了皮包公司，渣男破产。在女主引导下，渣男以同样手段，杀“妻”骗保。",通过,不通过,不通过,通过
125,,,"故事起因：为满足父亲需要家族继承人的要求，为白月光守身如玉的渣男找来其他男人要求女主必须怀孕，否则就停了女主母亲的治疗费。女主不堪其辱，要自己去找人怀孕，酒吧一夜情后，女主用渣男的钱包养男模，谁料想男模竟然是某财阀家太子爷。
主角主要目的：远离渣男，活出自我
经历阻碍事件：
1-女主远离渣男，跟男主各种亲热，却被渣男误以为是欲擒故纵。
2-女主要逃离渣男，却被渣男以母亲来威胁。
3-女主隐瞒怀孕的事被揭穿，渣男一家找女主麻烦","男主：男模，其实是财阀太子爷。
女主：破产千金，因渣男曾经对母亲的照顾，爱上渣男。天才设计师现任职渣男家公司。母亲重病，需要渣男名下公司的先进医疗设备才能续命，为了母亲，她为渣男公司卖命。后来发现，渣男父亲才是害他们家破人亡的罪魁祸首。
男二：继承家业的老板，误以女配才是救命恩人。后发现女主是救命恩人，后悔。
女二：喜欢渣男，绿茶白莲花。",女主发现怀上男主孩子,"吸睛事件：
素材1：渣男将陌生男人扔女主床上，要女主怀孕应付家里长辈，女主当场去找男模，之后让渣男掏钱包养男模。女主跟男主各种亲热，渣男却觉得女主在欲擒故纵。
素材2：女主终于怀孕，狠心跟男主提分手。之后在渣男爷爷宴会上，男主出场，女主才发现男主并非男模，而是财阀太子爷。
素材3：女主隐瞒怀孕，但怀孕的事还是暴露，渣男他们都要求女主流产。",通过,通过,不通过,通过
126,,,"故事起因：为了私生女，女主被父亲污蔑为假千金，遭到被蒙蔽真相的生母百般折磨，又被设计和油腻男上床。阴差阳错跟大佬男主共度一夜，事后怀上男主孩子，在男主帮助下，她终于脱离地狱般的家庭。
主角主要目的：脱离地狱般家庭，打脸反派
经历阻碍事件：
1-女主被发现怀孕，女配污蔑孩子是油腻老男人的，为将肝给女配，母亲强行拖着女主去医院打胎。
2-女配装病变成真的患有白血病跟肝脏疾病，他们开始打女主肝脏主意。女主被母亲绑去黑心诊所打胎挖肝。
3-男女主感情转正","男主：大佬总裁，被奶奶各种催婚
女主：真千金，却被父亲跟女配污蔑成假千金
男二：女主父亲，偏心私生女。
女二：私生女，想上位，成为继承人。",一卡：护士提到女配跟母亲血检报告不匹配，报告显示女主才是亲生女儿,"吸睛事件：
素材1：女主被女配下药跟油腻老男人上床，阴差阳错跟男主滚了床单并怀孕，女配装病弱要换肝，女主被拖去医院打胎摘肝，女主不同意被母亲暴打，关键时刻男主出场英雄救美，护士出现说女配的血检报告跟母亲不匹配，根据报告显示，女主才是真千金。
素材2：女配装白血病装肝坏死，没想到最后真确诊这两种病，她怂恿母亲摘女主的肝儿，男主救下女主，母亲捅了女主一刀，女主大出血送去抢救，这时候母亲的父亲拿来了真正的亲子鉴定报告，母亲才知道女主是她亲生女儿。母亲后悔，求原谅，替女主收拾女配父女。
素材3：女配在男主奶奶生日宴上污蔑女主怀的是老男人的孩子，男主播放老男人交代事情真相视频打脸女配。",不通过,通过,不通过,通过
127,,,"故事起因：
女主的妹妹被男主同父异母的哥哥玩弄至死，女主为了替妹报仇，潜伏靠近男主，想借着男主混进财阀家族，从而报复男主的哥哥。不想被男主一眼看破动机，但男主没有因此揭穿女主，而是顺水推舟，帮女主复仇，实际是想借着女主的手将大哥拉下台，却不想男主步步沦陷，调教女主过程，逐渐被女主吸引，最后爱上。","男主：英俊多金，财阀家的小儿子，外表看着绅士温柔，实则内心冷漠，痛恨失手将自己母亲推下楼的哥哥，后来女主出现救赎了男主。
女主：外表美丽大方，性格坚韧顽强， 底层小人物努力活着
男二：黄赌毒都沾的变态，也是杀害女主妹妹的凶手，白天是精英，晚上是玩弄未成年的恶魔",女主在酒吧遭遇危险，绝望之际，男主出现救女主,"1、女主刚和妹妹发完消息，妹妹浑身伤痕、赤裸的尸体坠到酒店门口，女主崩溃，得知是首富财阀家害死妹妹。
2、女主混进财阀家族，试图搜寻证据，为妹妹报仇，就在女主忍不住要持刀杀死凶手时，却被男主先一步抓住，女主以为自己要死，男主却提出要和她合作。
3、男主将女主包装成名媛，教她勾引男人的手段，两人暧昧拉扯
4、女主终于有机会接近反派，却被反派故意刁难试探，将女主灌醉，女主即将遭遇危险之际，男主出场救",通过,通过,通过,通过
128,,,故事起因：女主从小是孤儿，被豪门收养，却爱上了自己的养兄（男二），因此不被世人认同，包括男二在内也觉得女主这种情感可耻，所以一直冷漠对待女主，对女主精神上的虐待，却不知自己早已爱而不自知。一次意外，女主被绑架，男二听信小人谗言，要借此给女主一个教训，因此没有及时去营救女主。女主绝望之下，男主及时出现，将她拉出深渊，从此两人开启一段爱情救赎。女主慢慢走出阴影，真正爱上了男主，男二追妻火葬场。,"男主：男二的兄弟，出身名门世家，站在上流社会的金字塔，性子隐忍，外表冷漠，不近女色，唯独对女主温柔，暗恋女主所以才和男二当兄弟。
女主：温柔卑微单纯，被男主pua不自知，后来被男主救赎，才明白什么才是真正的爱情。
男二：女主的养兄，帅气开朗，但却极度好面子，怕丢人，所以很不齿女主对她的爱，后来女主爱上了自己的兄弟，又很破防",护士检查出女主怀孕，众人震惊,"1、口播：女主爱了哥哥七年， 但在女主被绑架的时候，哥哥却袖手旁观，表示要给女主一个教训，女主绝望之际，男主出现。
2、男主将女主救下，女主浑身伤痕，男主心疼，为她治疗。
3、女主酒醉，询问男主是不是重新爱上另一个人就能从上一段感情出来，然后女主主动勾引男主，一夜情。
4、女主逃跑，遇到哥哥，被哥哥嫌弃，精神上的虐待，女主伤心，想要放下。
5、哥哥带了女朋友回来，要让女主私心，女朋友刻意刁难女主，女主身体虚弱晕倒，进医院，查出怀孕",不通过,通过,不通过,通过
129,,,故事起因：女主家遭遇大火，父母双亡，女主的眼睛也被熏瞎，被未未婚夫家收留照顾，后来未婚夫勾结女主的闺蜜，陷害女主和男主发生关系并怀孕，想要因此向男主讹钱。却不想女主是装瞎，借此机会嫁入了真正的豪门家族，不仅收获了真爱，还打脸未婚夫等人，并且查出当年的火灾是未婚夫家干的。而男主一开始觉得女主别有用心，处处防备猜忌女主，甚至一度怀疑女主装瞎，因此两人不断拉扯试探，最后逐渐被对方吸引，从而爱上彼此,"男主：帅气多金贵公子，性格多疑冷漠，不近女色，事业狂魔，女主的出现成了一个意外。
女主：装瞎装小白花，实则坚韧聪明，凭借着自己的能力复兴了家族。
男二：金钱至上，为了财富权利不择手段，甚至将自己的未婚妻送到别的男人床上",男主险些发现女主装瞎,"1、未婚夫将瞎眼女主逼到楼梯，言语威胁，让她爬上男主的床，女主绝望乞求。
2、加入一小段口播解释主角之间的关系，女主原本是千金，一场大火将她双亲烧死，眼睛也瞎了，后来在未婚夫逼迫下去勾引首富继承人。
3、女主第一次和男主交锋，男主不相信女主怀了他的孩子，两人极限拉扯。
4、女主凭借肚子里的孩子嫁给了男主，男主怀疑女主心怀鬼胎，多次试探女主。
5、一次意外，女主暴露装瞎的事实，险些被男主发现",不通过,通过,不通过,通过
130,,,"故事起因：
五年前，女主在酒吧卖酒意外和男主一夜情并且怀孕，男主留下一张纸条后离去，而女主醒来的时候纸条被风吹走，从此和男主错过，独自生下男主的孩子，成为了单亲妈妈。五年后，女主带着儿子再和男主相遇，彼此都忘了对方是当年的一夜情对象，两人在事业上交锋，男主逐渐被女主的坚强善良品质吸引，最后爱上了女主。与此同时，男主还意外得知自己有个儿子，因此一直暗中派人寻找，却不知他要找的人近在眼前。



主角主要目的：男女主什么时候发现对方就是当年的一夜情对象。","男主：无情资本家，钻石王老五，帅气多金，但大龄单身，不近女色，女主是例外
女主：美丽大方，努力上进的小律师，在一次劳工纠纷案中和男主重新相遇，在重重艰难考验中爱上彼此
 女二：豪门养女，嚣张跋扈，暗恋男主，看到男主对女主特殊对待，心生嫉妒，于是开始暗中陷害男主",女配给女主儿子吃菠萝过敏，并锁进储藏室，危急关头，男主出现救场,"1、口播：交代前因后果，女主一次意外和男主一夜情，生下孩子，却忘了对方长相，一次意外，女主儿子生病进医院，撞进了首富爷爷的怀里。
2、首富爷爷发现女主儿子长得和男主小时候一模一样，一定是男主的孩子，男主却不相信，于是调查dna，得知真是男主孩子，男主回忆起六年前的一夜情，于是派人大面积寻找孩子。
3、女主庆祝接到案子，喝多意外撞进男主怀里，男主觉得女主长得熟悉。女主以为是闺蜜来接她，撒娇撒酒疯，男主被迫送女主离开，被女二看到。
4、女主成为男主公司的劳工纠纷律师，两人聊起儿子，女主要给男主看自己儿子照片。",通过,通过,通过,通过
131,,,"故事起因：
女主结婚当天，女主的闺蜜和未婚夫出轨，女主将两人苟合的过程拍下，并在酒店大堂显示屏上播放，并且当众退婚，大闹婚礼现场。之后，女主在躲避记者的追问时，碰上了未婚夫的小叔（男主），小叔帮女主躲避记者，两人就此相识并且一夜情。女主提出和小叔结婚，而小叔对女主钟情已久，答应女主，女主从此变成未婚夫的小婶。最后，女主在男主步步为营中，逐渐爱上了男主，并且夺回家产，打脸众反派。

主角主要目的：女主什么时候真正爱上男主","男主：帅气多金，隐忍克制，深爱女主多年
女主：明媚开朗，敢爱敢恨，有气绝不憋着，有仇当场报，上能撕渣男贱女，下能忍气吞声夺家产
女二：心机闺蜜，家里没钱，因此从小嫉妒身为富家千金的女主，女主拥有的，她都要抢走，因此频频给女主制造危机",女主被闺蜜和渣男刁难，男主出场解围,"1、女主大婚前夕，在备婚室看到未婚夫和闺蜜do，女主愤怒，拿手机拍下。
2、记者闻风赶来，要拍偷情新闻，另一边又要追问女主感受，女主躲避记者，意外撞见未婚夫的小叔（男主），女主拿小叔当挡箭牌，亲吻小叔
3、女主伤心醉酒一夜情，睡了小叔
4、第二天结婚，女主当众退婚，搞砸婚礼现场，未婚夫刁难女主，小叔维护，并且让未婚夫叫女主小婶，众人惊",不通过,通过,不通过,不通过
132,,,"故事起因：女配故意制造车祸装受伤，让男主调走了医院所有医生，女主也因车祸，没得到及时救治，孩子流产。她在医院发现男主跟女配的“亲热”，失望提离婚。见男主果断签字，她失望跳海自杀。
主角主要目的：逃离男主
经历阻碍事件：（同类替换）
1-她提离婚，男主仍觉得她是欲擒故纵。
2-女主跳海自杀被男二所救，在男二帮助下假死。假死后，警察通知死讯，男主觉得女主买通他们做戏并不相信。
3-男主发现女主消失的时间越来越长，去警局辨领尸体，尸体被泡面目全非，男主不相信是女主，男二找人伪造了DNA","男主：总裁，眼盲心瞎，爱而不自知，当失去女主后，开始无限后悔。
女主：因男主小时候的守护，还有后来的救命之恩，疯狂爱男主，后失望结束生命。
男二：女主曾经救过的京圈少爷。
女二：女主继妹，各种欺负女主，抢女主的一切，谋害男主想要得到男主的公司",一卡：警察找到男主告诉她，女主跳海自杀，让他去警局辨领尸体,"吸睛事件：
素材1：
女主因女配的设计，两人同时发生车祸。男主为女配调走所有医生，而女主因得不到及时救治，孩子流产。女主在医院发现男主对女配的贴心照顾，想到因为女配，她孩子才没了，女主失望上去质问，当她告诉男主她流产的时，男主觉得孩子是女主设计而来，无所谓孩子生死，女主提出离婚，男主果断签字，瞧不起女主的他，觉得女主并不会真的离开。而女主想到过去被冷待种种，心死烧掉他们之间所有回忆，跳海自杀。而男主回来得知女主几天没在家，觉得女主是故意闹失踪欲擒故纵。男主在公司，听到员工谈论海边发现女尸，提到女尸跟女主有关时男主嗤之以鼻，女配来刷存在感，男主才知道女主在好友圈公布他们离婚的事，男主来气把结婚戒指扔进水池，假装跟女配好，自以为是的觉得能用这种方式将女主气出来。男主跟女配相处，频频想起女主的好走神。这时候男主兄弟来了，看到男主跟女配在一起，提到曾经男主为救女配摔下楼瞎眼断腿，女配却跑了，只有女主陪着她照顾他，男主震惊，当初不是女配照顾他的么？",不通过,不通过,通过,通过
133,,,"故事起因：白月光诬陷女主把她推下楼，渣男误信，推了女主一把，女主摔地上，下身流血，渣男却抱着白月光去医院，女主被送去医院，被告知怀孕但孩子没保住。女主失落出去，看到渣男还在照顾白月光，想到渣男之前因为白月光次次丢下她，失望提离婚。离婚后，男主开始他的追求之路。
主角主要目的：远离渣男，活出自我
经历阻碍事件：
1-女主要离婚，渣男各种不同意
2-女配偷拍女主跟男主并造谣女主。
3-女主回归宴上，渣男他们不信女主是豪门大小姐，女配羞辱女主","男主：豪门世家继承人，曾经暗恋女主，女主婚后默默离开。
女主：千金小姐，隐瞒身份嫁给男主。
男二：弱精症，某公司老板，没有边界感。
女二：渣男青梅竹马，渣男公司有起色后，一心想嫁渣男。",渣男发现女主真的怀孕还流产了。,"吸睛事件：
素材1：渣男为白月光推了女主一把，女主摔倒下体流血，她向渣男求助，渣男以白月光有心脏病为由得先送白月光治疗，让女主自己起来，好好休息会。跟着抱白月光去治疗，女主只能打急救电话，打一半昏死过去。再醒过来，被告知孩子没保住，后女主看到渣男医院贴心照顾白月光，失望提离婚，并告知好不容易怀上的孩子流产，渣男先是不信，后查到真有其事，各种后悔。
素材2：女主隐藏千金身份跟渣男在一起，给渣男母亲送重礼，却被羞辱是假货。女主本以为婆婆是这个家里唯一对她好的人，没想到婆婆只是为了渣男好丈夫形象。
素材3：回归宴上，女主被女配羞辱，女主打脸回去。",不通过,不通过,不通过,通过
134,,,"故事起因：女主被行业封杀，为了家庭开销只能去会所陪酒，偶遇男主，男主愿意帮她脱离会所，并给她一份体面工作，女主答应，跟男主一夜缠绵，谁知道死去的前男友居然活着回来继承公司，甚至还要跟她订婚，女主以为终于能跟男友修成正果，殊不知所谓的男友是孪生弟弟假冒，她所有苦难都是弟弟设计，而女主却误以为所有的一切都是男主为得到她干的。后因为妈妈的死，她归咎男主，并设计枪杀男主。
主角主要目的：摆脱控制，活出自我
经历阻碍事件：（同类替换）
1-女主要摆脱男主，却被男主继续纠缠
2-弟弟、女配设计女主各种遭难，女主都误以为是男主所为，因孩子流产，她再次落入会所陪酒。
3-男女主关系转正","男主：大佬。对女主一见钟情。外冷内热，背锅侠。
女主：设计师，因男友弟弟暗中设计，被全行业封杀，为了生存，只能在会所陪酒。
男二：豪门公子，偏执的以为哥哥成活死人都是女主害得，利用相似外貌假扮哥哥，报复女主。
女二：男主手下得力干将，嫉妒女主，各种耍阴招。",女主发现死一年多的男友出现在眼前,"吸睛事件：
素材1：女主跟男主她逃他追，两人暧昧欲望纠缠。
素材2：女主被男友胞弟各种设计，订婚礼上受辱。后妈妈的死，她误以为是男主害的。开始复仇男主，害男主中弹。
素材3：女配对女主的羞辱跟针对。",不通过,通过,不通过,通过
135,,,"女主体检检查出绝症想告诉未婚夫，回家却抓包未婚夫出轨妹妹，未婚夫和女配嘲笑女主。女主伤心欲绝，半夜被领导叫去加班，目睹同事加班过劳进医院。女主陪同事去医院，却被未婚夫指责多管闲事，医生男主路见不平维护女主，女主对男主产生好感，决定在生命尽头疯一次，约男主喝酒一夜情。
女主在职场被欺凌，被未婚夫和妹妹欺压，女主在男主的帮助下打脸虐渣。
最终男女主真正相爱，女主隐瞒去世真相离开男主，男主得知一切心碎。","女主：程序员，觉醒前任劳任怨苦命牛马，被未婚夫欺骗，觉醒后化身飒爽大女人整顿职场手撕渣男。
男主：医生＋豪门之子，对女主一见钟情，深爱女主
男配：女主未婚夫，把女主当血包＋冤大头，出轨女主妹妹
女配：女主继妹，压榨女主。",女主被恶毒同事指责泼脏水，女主反击,"吸睛事件：
1.女主得知自己身患绝症想告诉未婚夫，却抓包未婚夫和女配滚床单。
2.女主目睹同事过劳猝死，被未婚夫指责多管闲事，男主赶到救场，男女主一夜情。
3.女主职场被同事抢夺工作成果，女主果断反击。",通过,通过,不通过,通过
136,,,女主隐藏大小姐身份到家族公司实习，却因意外被闺蜜女配冒领身份，同事捧高踩低恭维女配。与此同时女主家族的商业对手男主为了展开竞争，决定追求女主，在女主同事的误导下，同样将女配认成女主。男主嫌弃女配，并对女主产生兴趣。最终女配谎言被拆穿，男女主走到一起。,"男主：总裁，女主家的商业对手
女主：大小姐化身小实习生
女配：女主闺蜜，冒领女主身份，其实是餐厅服务员之女
男配：女主哥哥，总裁",女主真千金身份即将暴露，女配即将被拆穿,"吸睛事件：
1.女配联合在餐厅做服务员的爸装大款宴请同事，女主哥哥误以为是女主请客，为了帮女主打好同事关系替女主买单，同事以为是女配买单膜拜。
2.男主将女配错认为大小姐进行追求，本以为能够激怒女主哥哥，没想到女主哥哥无动于衷，男主怀疑女配身份
3.女配见到女主哥哥，即将被拆穿。",不通过,通过,不通过,通过
137,妈妈的小救星,虐恋,"女主是大小姐，男主是首富，学生时代男主隐瞒身份和女主恋爱，女主父母被亲戚害死，本人被威胁联姻，撒谎说看不起男主分手，男主记恨女主。女主被未婚夫胁迫，出于自保误杀未婚夫入狱，在监狱中生下男主的孩子。五年好，女主结束监外期，不得不让孩子找上男主。
男主对女主又爱又恨，帮助女主翻案，通过孩子发现真相，帮助女主夺回公司，最终两人解开误会走到一起。","男主：首富，上学时隐藏身份和女主恋爱，对女主又爱又恨
女主：父母双亡＋破产，被亲戚威胁不得不和男主分手，实际上深爱男主从未变心",孩子被恶毒亲戚殴打，男主赶到救场,"吸睛事件：
1.男主被记者追问继承人的事，孩子突然跳出来喊男主爸爸，众人震惊。
2.男主拿到亲子鉴定成果，得知孩子是自己的，闪回和女主校园恋爱，闪回结束男主决定去找孩子。
3.孩子被亲戚胁迫交出关键技术的密码而殴打，男主赶到救场。",不通过,通过,不通过,通过
138,消失的明月,大女主,故事起因：渣男小三为婚内财产和保险将女主推进火场，女主被同样遭到小三抛弃的男主所救，女主因脸被烧坏而整容。女主和男主联手，复仇渣男贱女，在复仇过程中，女主跟男主产生情愫。 主角主要目的：复仇渣男贱女 经历阻碍事件： 1-女主换脸华丽登场，被渣男发现身上的疤痕，怀疑身份 2-小三因女主的离间，关注女主，发现女主跟渣男亡妻很像，找到证明证明女主就是亡妻 3-男主因女主勾引渣男而吃醋，拉着女主亲热，渣男出现，两人险些被撞破,男主：总裁，曾经重病要死了，被女配抛弃，但后面病愈。救女主是因为有共同的仇人。后被女主的魅力三观吸引，爱上女主。 女主：被渣男推下海后以男主已故妹妹的身份回归。 男二：渣男，某上市小老板。 女二：小明星。小三。男主前女友。发现男主不但继承家业，还身体恢复健康，后悔！,小三被女主反设计失身油腻男，视频在小三代言的新品发布会上传播，小三颜面扫地。,素材1：女主换脸成功后，以男主妹妹的身份举办回国宴，邀请渣男小三，女主故意跟渣男暧昧，渣男上钩。事后，女主引诱渣男，让小三看到，小三产生危机。而男主却因为女主跟渣男“亲热”吃醋。 素材2：女主勾引渣男假上床，设计小三抓奸，却被女主反设计失身油腻男，视频在小三代言的新品发布会上传播，小三颜面扫地。 素材3：小三发现女主是前妻，想办法找麻烦，却被女主反设计。渣男所有财产，因女主的设计全进了皮包公司，渣男破产。在女主引导下，渣男以同样手段，杀“妻”骗保。,不通过,不通过,不通过,通过
139,过火,甜宠,故事起因：为满足父亲需要家族继承人的要求，为白月光守身如玉的渣男找来其他男人要求女主必须怀孕，否则就停了女主母亲的治疗费。女主不堪其辱，要自己去找人怀孕，酒吧一夜情后，女主用渣男的钱包养男模，谁料想男模竟然是某财阀家太子爷。 主角主要目的：远离渣男，活出自我 经历阻碍事件： 1-女主远离渣男，跟男主各种亲热，却被渣男误以为是欲擒故纵。 2-女主要逃离渣男，却被渣男以母亲来威胁。 3-女主隐瞒怀孕的事被揭穿，渣男一家找女主麻烦,男主：男模，其实是财阀太子爷。 女主：破产千金，因渣男曾经对母亲的照顾，爱上渣男。天才设计师现任职渣男家公司。母亲重病，需要渣男名下公司的先进医疗设备才能续命，为了母亲，她为渣男公司卖命。后来发现，渣男父亲才是害他们家破人亡的罪魁祸首。 男二：继承家业的老板，误以女配才是救命恩人。后发现女主是救命恩人，后悔。 女二：喜欢渣男，绿茶白莲花。,女主发现怀上男主孩子,素材1：渣男将陌生男人扔女主床上，要女主怀孕应付家里长辈，女主当场去找男模，之后让渣男掏钱包养男模。女主跟男主各种亲热，渣男却觉得女主在欲擒故纵。 素材2：女主终于怀孕，狠心跟男主提分手。之后在渣男爷爷宴会上，男主出场，女主才发现男主并非男模，而是财阀太子爷。 素材3：女主隐瞒怀孕，但怀孕的事还是暴露，渣男他们都要求女主流产。,通过,通过,不通过,通过
140,爱是沉沦，亦是自由,虐恋,两年前，男主和女主相识于乐队，男主是著名吉他手，出身音乐世家，女主来乐队应聘主唱，男女主机缘巧合下，相识热恋到订婚。 三年后，乐队名声大噪，享誉全国，女主也怀孕，正要和男主策划婚礼的时候，男主的白月光带着孩子归来。 原来男主一直将女主当做替身。 而白月光想要抢回失去的东西，频频在男女主之间制造误会。 白月光不仅要争夺主唱的位置，甚至在男女主拍婚纱照的时候，带着自己的孩子一起参与。 而男主则一次次选择白月光，伤透女主的心，还让女主流产。 最后女主决定离开，回归豪门，而身为乐队投资人的男二，默默守护陪伴女主，最后男二上位，男主追妻火葬场。,男主：著名吉他手，出身音乐世家，性格放荡不羁，浪子属性，一开始只是将女主当替身，后来爱而不自知，失去女主后才后悔莫及。 女主：天赋型歌手，外表秀丽，性格温柔大方，出身高贵，是传闻中的天才作曲家，隐藏身份成为了乐队主唱，原以为找到了一份真爱，却被男主无情背叛。 男二：深情年上男，帅气多金，默默守护着女主，在女主成为乐队主唱后，暗中投资乐队，后来女主情场失忆，男二一点点带她走出了阴霾。,音乐交流会当天，女主以真实身份回归，惊艳打脸众人。,1、女主查出怀孕，却意外得知未婚夫和白月光有个孩子。继而加入口播：主角之间的关系，男女主相识于乐队，从相恋走到婚姻殿堂，女主却在举办婚礼的前夕得知，男主只是将她当做白月光替身。 2、男主多次为了白月光，抛下女主，甚至在男女主拍婚纱照的时候，白月光带着孩子前来，要一起拍，侮辱女主。 3、白月光逼迫女主让出主唱位置，却故意将女主推下舞台，男主前来，却选择救白月光 4、女主流产，伤心欲绝，决定回归豪门，在音乐交流会当天，以天才作曲家的身份回归，惊艳众人,通过,不通过,通过,通过
141,影帝前妻220斤+昨日不再来,大女主,女主一直以为自己是孤儿，职业是实力艺术策展人，渣男男2是艺术家，为了女主的能力假装爱她，实际偷偷和女2（女主闺蜜）出轨，终于，在渣男名声大噪的那一刻，男2和女2在女主面前偷情，背叛了女主，并且把女主推下山崖。女主却没死，被自己失散多年的富豪母亲救下，原来女主是富豪的女儿，女主换回自己真正的名字，改头换面对渣男和女2发起复仇。之后，女主遇上了青梅竹马男主，在男主的疗愈和帮助下打脸渣男和女2，完成复仇，和男主在一起,女主：实力艺术策展人，前期胖女孩天真无比，一心为了男2付出，被背叛后华丽变身商业女王，优雅精致。 男2：渣男，画家，为了女主的策划能力和人脉假装对她好，其实早就和女2出轨 女2：女主闺蜜，调香师，同样是为了女主的策划能力和人脉才跟她玩，内心看不起女主，蛇蝎心肠 男主：富商总裁，成熟深情，从小暗恋女主，但因女主失踪与女主分开，长大之后和女主相认,华丽变身后的女主故意给男2投资项目，要求他来宴会谈合作，万众瞩目之下女主登场，全场所有人都在震惊女主的魅力，男2却瞪大眼睛脱口女主的名字（给人似乎女主第一步计划就失败了的感觉）,1，女主被渣男女2为了艺术之名浸泡在颜料里看女2脱衣服与自己丈夫搂抱，好不容易爬出来之后被男2女2要求戴着游泳圈滚着出房间，以提供艺术灵感，女主照做，实际她出去之后男2女2就笑她，并且开始亲吻。女主狼狈出来，还被渣男母亲嫌弃把家里弄脏了，辱骂她是肥猪要求女主打扫干净 2.女主意外戳破男2女2两人奸情，出来质问，并且表达一定不会善罢甘休，被女2男2慌张中推下悬崖 3.女主被富豪妈妈救回，认回身份，发誓要报仇，在一次次减肥中华丽变身，貌美无比 4.女主故意给男2投资项目，万众瞩目之下女主登场，全场所有人都在震惊女主的魅力，男2却瞪大眼睛脱口女主的名字,不通过,通过,通过,通过
142,她的甜蜜逆袭,甜宠,女主奶奶生重病，唯一的愿望是看到女主走进婚姻殿堂，于是女主前去和男友求婚，却抓到男友和闺蜜出轨，男友嫌弃女主是没有家世的乡下妹，只能在乐团当小助理打杂，不能对他的事业起到帮助。女主伤心欲绝，路边买醉，意外救了车祸重伤的男主。男主出身豪门，并且是乐团的投资人，醒来后提出可以满足女主一个心愿来报恩。女主想起奶奶，便让男主和她结婚。男主第一反应是女主居心不良，于是隐瞒身份，伪造自己是穷鬼，想试探女主，但女主不嫌弃，表明是假结婚，就这样男女主闪婚并且同居。而渣男和闺蜜以为女主嫁了个穷鬼，对女主刁难嘲笑，男主则霸气护妻，打脸众人。最后男女主在一次次挫折中，相互吸引，直到相爱。而女主也凭着自己的实力，成为了乐团首席。,女主：乐观开朗，虽然在乐团打杂，但音乐天赋高，后来通过自己的证明，打脸曾经瞧不起自己的反派，成为乐团首席并且收获一份真爱。 男主：帅气多金，性格冷傲，是乐团投资人，认为爱情是无用的东西，一开始觉得女主别有用心，被女主小太阳的性格吸引，并且爱上。,男主来女主乐团当评委，险些暴露自己的真实身份，从而让女主知道自己在装穷,1、口播男女主之间的关系，女主渣男背叛，伤心买醉，意外救了受伤的男人，并且提出闪婚，女主以为对方是个穷鬼，却不知对方身价千亿，是女主乐团的投资人。 2、乐团考核首席，男主前来当评委，险些在女主面前掉马。 3、女主参加首席考试，被众人嘲笑，瞧不起，考试当天女主找不到给她钢琴伴奏的男搭档，众人纷纷看好戏，就在大家都不看好的时候，男主戴面具出场为女主伴奏，女主通过第一轮考试，打脸众人，同时也险些掉马 4、渣男得知女主嫁人，心里不平衡，后又得知女主的丈夫是穷鬼，于是在乐团周年庆当天，刁难侮辱女主，最后男主出场公开身份，为女主撑腰。,不通过,通过,通过,通过
143,前路漫漫亦灿灿,大女主,故事起因：为了私生女，女主被父亲污蔑为假千金，遭到被蒙蔽真相的生母百般折磨，又被设计和油腻男上床。阴差阳错跟大佬男主共度一夜，事后怀上男主孩子，在男主帮助下，她终于脱离地狱般的家庭。 主角主要目的：脱离地狱般家庭，打脸反派 经历阻碍事件： 1-女主被发现怀孕，女配污蔑孩子是油腻老男人的，为将肾给女配，母亲强行拖着女主去医院打胎。 2-女配装病变成真的患有白血病跟肝脏疾病，他们开始打女主肝脏主意。女主被母亲绑去黑心诊所打胎挖肝。 3-男女主感情转正,男主：大佬总裁，被奶奶各种催婚 女主：真千金，却被父亲跟女配污蔑成假千金 男二：女主父亲，偏心私生女。 女二：私生女，想上位，成为继承人。,一卡：护士提到女配跟母亲血检报告不匹配，报告显示女主才是亲生女儿,吸睛事件： 素材1：女主被女配下药跟油腻老男人上床，阴差阳错跟男主滚了床单并怀孕，女配装病弱要换肝，女主被拖去医院打胎摘肝，女主不同意被母亲暴打，关键时刻男主出场英雄救美，护士出现说女配的血检报告跟母亲不匹配，根据报告显示，女主才是真千金。 素材2：女配装白血病装肝坏死，没想到最后真确诊这两种病，她怂恿母亲摘女主的肝儿，男主救下女主，母亲捅了女主一刀，女主大出血送去抢救，这时候母亲的父亲拿来了真正的亲子鉴定报告，母亲才知道女主是她亲生女儿。母亲后悔，求原谅，替女主收拾女配父女。 素材3：女配在男主奶奶生日宴上污蔑女主怀的是老男人的孩子，男主播放老男人交代事情真相视频打脸女配。,不通过,通过,不通过,通过
144,暗潮,虐恋,女主和男主本来是一对恩爱的小情侣，即将步入婚姻，但因为一场车祸，男主认为女主害死了自己的父亲，两人成为陌路人。女主心知自己和男主隔着血仇不可能会在一起，无颜见他，离开。但她深爱男主，默默的怀着男主的孩子并且生了下来抚养赎罪。男主在自己母亲的恶意挑唆下认为女主抛弃了自己，但男主对女主依然深情，久久不能忘怀。五年后，女主带着患病女儿回到男主的城市来治病，男主遇上女主，内心的仇恨还是无法抵过爱意，两人之间展开纠葛。一场虐恋开始。,女主：普通工薪家庭，坚强温柔 男主：富有总裁，深情霸道。因为觉得是女主害死了自己父亲对女主又爱又恨 女2：男主仰慕者，未婚妻，看不惯女主，恶毒 男2：女主仰慕者，希望自己可以当上女主女儿的父亲，温柔 男主妈妈：记恨女主害死了自己老公，给男主传递了很多错误消息，害女主，最后因为男主对女主的爱妥协,女主在医院里差点说出男主是自己孩子的父亲,"1.医院里，剪辑女主女儿生命垂危，急需输A型血，在场人只有男主是A型血，他自告奋勇要输血，但女主反应激烈，坚决不让男主输血，因为近亲不能输血，男主不可置信女主的做法，女主差点吐露女儿是男主孩子的真相。 2.闪回当年的车祸一事，车上，因为女主的撒娇导致女主妈妈没看车，发生车祸，男主爸爸去世，男主昏迷。男主妈妈恨女主，撒谎说女主以为男主将成为植物人就带着自己妈妈离开了，实际上女主妈妈也死在这场车祸，男主妈妈给了女主钱让女主滚得越远越好，女主怀着男主的孩子，却无颜见男主，去国外一个人生下孩子抚养 3,女主女儿有先天性疾病需要回国找特定的大师治疗，女主和男主重逢，男主字字诛心询问女主怎么还有脸回来，恰好他手里有那个大师资源，刁难女主不给她资源，除非女主作陪，女主甘愿作陪，男主忍不住说女主怎么这么贱，不想女主接到女儿生命垂危电话，急忙离开，男主跟上。时间回到开头一幕，当女主要说出男主是孩子父亲时候，护士出来说找到血缘了打断两人相认。 4.女主带着痊愈的女儿打算回国外。但在这之前两人决定去祭拜女主母亲，不想跟同样来这里祭拜父亲的男主和男主妈妈遇到，男主质问女主怎么还有脸来，女主忍不住说自己也失去了妈妈，男主惊讶瞪向自己妈妈，问“你不是说她当年带着她妈妈离开了吗？”",通过,通过,通过,通过
145,重生后我吻了最狠的三爷,甜宠,上辈子，渣男和继妹为了争夺财产，制造车祸将女主迫害，在车子即将爆炸的时候， 男主冒死前来救女主，女主这才知道原来自己一直惧怕的男主深爱着她，最后两人双双死于爆炸。重活一世，女主决定报复打脸渣男和继妹，并且回应男主深沉的爱。,男主：黑手党家族继承人，帅气冷漠，视生命为蝼蚁，却默默深爱着女主，将女主视为自己的软肋 女主：生长在阳光下的向日葵，父亲是黑手党家族的长老，教父的副手，女主厌恶害怕黑手党干的勾当，想要逃离，所以很长一段时间生活在农庄，因此被渣男嫌弃是土包子 男二：风流男明星，擅长伪装的毒蛇，被家里逼迫和女主联姻，既要美色也要金钱，因此看不起土土的女主，喜欢女主的妖艳继妹，后期下场惨烈,渣男在婚礼上抹黑女主，女主一改丑小鸭形象，华丽出场，惊艳众人，打脸渣男,1、女主四肢被捆，困在驾驶座上，向车窗外的未婚夫和继妹乞求，但未婚夫却言语侮辱女主，表示只有女主死了，他和继妹才能双宿双飞，然后启动车子，让女主坠崖。女主身受重伤压在车内，车即将爆炸的时候，男主前来营救，女主临死前才知原来她生前惧怕的人深爱着她。 2、女主意外重生，却回到女主被渣男下药陷害的这一晚上，渣男原想要把女主送到秃头老总床上，但女主逃过去，意外和男主一夜情。 3、第二天，女主报复渣男，知道渣男和继妹还在酒店里，于是带着记者闯入渣男房间，让渣男社死。 4、女主和渣男的婚礼，女主先是派人去当众退婚，宾客们暗中嘲笑渣男软饭都吃不上，渣男嘴硬说是女主又丑又土，结果女主华丽登场，从土妞变成了摩登女郎，惊艳众人,不通过,通过,通过,通过
146,爱与救赎,甜宠,女主出生在吸毒家庭，母亲患有强烈毒瘾，总是对女主非打即骂，并且女主还有一个重病在场的爷爷，为了拯救爷爷给爷爷做手术，女主母亲总是要求女主给钱，女主迫不得已准备去卖卵，也因此结识了冷淡医生男主，男主为了劝女主放弃想法而约见她，却不想自己却对女主一见倾心。两人展开床上交易，女主拿钱走人。却在不久后发现自己肚子痛，恰好来到男主的医院，她这才发现男主居然是医生。女主家庭逼迫女主交出更多的钱，女主交不出来，毒虫母亲便骗女主去夜店打工，实际悄悄联系黑社会要把女主卖给黑社会换钱，女主被下药，黑社会男要把女主注射毒品以后当娼妓给他们持续换钱，危急时刻，男主出现解救女主……女主和男主在一系列发展中生出不一样的感情，男主爱上女主，两人甜蜜在一起,女主：坚韧自强小白花女主 男主：成熟稳重医生，杀伐果断，不苟言笑，大家族少爷,女主即将被黑社会注射毒品,1，女主下雨天躲进男主家，说“我会卖的，我很干净”闪回前因后果，女主有毒瘾的妈，卧病在床的爷，以及女主看见卖卵广告之后的决定。闪出，女主被故意装作凶神恶煞的男主吓到，说自己再也不卖卵就想离开。但这时候女主母亲电话打进来要钱，女主想起瘫痪的爷爷狠狠心又回男主家要卖东西，说卖什么都可以，男主本来就对女主一见倾心，两人发生关系 2.女主回家交钱，被毒虫母亲羞辱，要她拿回更多的钱，女主只想问爷爷的情况，却遭到母亲拳打脚踢，女主伤心失望跑出家门，想再拨打男主电话，还是忍住。女主母亲毒瘾发作去要毒品，和黑社会说女主随便他们处置，只要给她毒品，黑社会答应。 3.女主被母亲骗去夜店打工，却被一群男人围住，说她母亲让她来这里是当娼妓的，女主不从，黑社会大怒。拿起毒品就要给女主注射，危急时刻，男主赶到！,不通过,通过,通过,通过
147,爱意随风消逝,虐恋,故事起因 女主因过度劳累而患上疾病，去医院检查，可是路上男主却接到助理女二的电话，说她心脏疼，立刻丢下女主，将女二送到医院。为了照顾女二，男主叫走了所有的医生，女主去找男主，可男主却认为女主因为争风吃醋装病，一怒之下赶走了女主。女主疼痛难忍，昏倒在了地上，被男二救下。醒来后，女主心灰意冷，决定辞职，离开男主。 主角主要目的 治病 经历阻碍事件 1.男主为了女二调用了所有的医疗资源 从而耽误了女主治病 2.男主什么时候 醒悟 后悔 3.女二隐瞒真相，陷害女主,女主 男主公司的经理 和男主一起创业 帮助男主创立的公司成功上市 深爱男主 却被男主辜负 男主 被女二蒙蔽 让女主丧失最佳治疗时间 女二 男主助理 一直想挤掉女主 成功上位 男二 医生 一直暗恋女主,男主什么时候发现真相 后悔,吸睛事件 素材1 招商会 明明是女主的一直在跟的项目 男主却让女二替女主发言 抢女主的功劳 素材2 女主犯病 男主却因为女二不舒服 将女主赶下车 素材3 女主心灰意冷 决定辞职 男主收到女主的离职申请,通过,通过,不通过,通过
148,他不配,大女主,事件起因 女主为了锻炼自己，以普通员工的身份入职了男主所在的公司，男主是部门经理，与女主接触的过程中两人产生了爱情，开始了办公室恋情。为了不被说闲话，女主和男主并未公开。女二是公司老董的千金，入职自家集团。与男主同属于一个部门。女二经常与男主举止亲密，公司的人都以为男主和女二才是一对，还误以为女主想做小三上位，女主被误会，男主却从未出面解释过，女主只能默默忍受。 为了男主，女主努力做项目，提升业绩。男主带女主见家人，女二却来家人面前献殷勤，男主家人嫌贫爱富对女主百般折辱。却对女二分外殷勤。男主因为部门业绩突出，获得了出国培训的机会，女二趁机和男主一起出国。回国后，女主拿一了一个大客户，部门庆功宴时，男主却宣布与女二订婚。女主对男主彻底死心，决心反击。 主角主要目的 反击 打脸渣男 经历阻碍事件 1.男主家人嫌贫爱富 对女主百般折辱 2.女二仗着自己千金的身份 一直和女主抢男主 3.男主抛弃女主 和女二订婚,男主 部门经理 一边利用女主 一边吊着女二 嫌贫爱富 女主 首富千金 有三个超级宠她的哥哥 为了锻炼自己隐藏身份入职一家小公司 女二 董事长的女二 为了和男主在一起 动用关系让自己和男主一起出国培训,女主什么时候掉马甲，打脸渣男,吸睛事件 素材1 女主是首富千金 却伪装成普通人入职了一家小公司 素材2 女主被欺负 三个哥哥为其撑腰 素材3 男主在部门庆功宴上当众宣布要和女二订婚 并当众羞辱女主,通过,通过,通过,通过
149,朕与她,大女主,事件起因 女主是豪门季家的养女，为了巩固家族势力，被安排嫁给了一个素未蒙面的富家公子。女主为了掌控自己的命运，故意接近男二的小叔男主。男主被人设计下药，与女主发生一夜情。女主设计让男主爱上了自己，男主强取豪夺，抢了自己侄子的妻子。 主角主要目的 让男主爱上自己 经历阻碍事件 1.家族长辈百般刁难女主 2.女主已经和男二结婚 无法光明正大与女主在一起,男主 豪门实际掌权人 与女主发生一夜情后爱上女主 女主 豪门养女 被家族长辈控制 为摆脱控制，设计与男主发生关系 男二 女主丈夫 深爱女主 却不得不将女主让给男主,男主强取豪夺，抢了有夫之妇,吸睛事件 素材1 男主中药 与女主发生一夜情 素材2 女主为改变命运 精心筹谋 接近男主 在有夫君的情况下与男主发生关系 素材3 男二寻找女主 女主此时却在男主的床上 三人修罗场 女主躲在男主身后 生怕被男二看见,不通过,不通过,不通过,通过
150,顶楼俱乐部,大女主,女主的妹妹被男主同父异母的哥哥玩弄至死，女主为了替妹报仇，潜伏靠近男主，想借着男主混进财阀家族，从而报复男主的哥哥。不想被男主一眼看破动机，但男主没有因此揭穿女主，而是顺水推舟，帮女主复仇，实际是想借着女主的手将大哥拉下台，却不想男主步步沦陷，逐渐被女主吸引，最后爱上。,男主：英俊多金，财阀家的小儿子，外表看着绅士温柔，实则内心冷漠，痛恨失手将自己母亲推下楼的哥哥，后来女主出现救赎了男主。 女主：外表美丽大方，性格坚韧顽强， 底层小人物努力活着 男二：黄赌毒都沾的变态，也是杀害女主妹妹的凶手，白天是精英，晚上是玩弄未成年的恶魔,女主在酒吧遭遇危险，绝望之际，男主出现救女主,1、女主刚和妹妹发完消息，妹妹就从高楼坠下死在她面前，女主崩溃，得知是首富财阀家害死妹妹。 2、女主混进财阀家族，试图搜寻证据，为妹妹报仇，就在女主忍不住要持刀杀死凶手时，却被男主先一步抓住，女主以为自己要死，男主却提出要和她合作。 3、男主将女主包装成名媛，教她勾引男人的手段，两人暧昧拉扯 4、女主终于有机会接近反派，却被反派故意刁难试探，将女主灌醉，女主即将遭遇危险之际，男主出场救,通过,通过,通过,通过
151,爱到尽头，覆水难收,虐恋,女主从小是孤儿，被豪门收养，却爱上了自己的养兄（男二），因此不被世人认同，包括男二在内也觉得女主这种情感可耻，所以一直冷漠对待女主，对女主精神上的虐待，却不知自己早已爱而不自知。一次意外，女主被绑架，男二听信小人谗言，要借此给女主一个教训，因此没有及时去营救女主。女主绝望之下，男主及时出现，将她拉出深渊，从此两人开启一段爱情救赎。女主慢慢走出阴影，真正爱上了男主，男二追妻火葬场。,男主：男二的兄弟，出身名门世家，站在上流社会的金字塔，性子隐忍，外表冷漠，不近女色，唯独对女主温柔，暗恋女主所以才和男二当兄弟。 女主：温柔卑微单纯，被男主pua不自知，后来被男主救赎，才明白什么才是真正的爱情。 男二：女主的养兄，帅气开朗，但却极度好面子，怕丢人，所以很不齿女主对她的爱，后来女主爱上了自己的兄弟，又很破防,护士检查出女主怀孕，众人震惊,1、口播：女主爱了哥哥七年， 但在女主被绑架的时候，哥哥却袖手旁观，表示要给女主一个教训，女主绝望之际，男主出现。 2、男主将女主救下，女主浑身伤痕，男主心疼，为她治疗。 3、女主酒醉，询问男主是不是重新爱上另一个人就能从上一段感情出来，然后女主主动勾引男主，一夜情。 4、女主逃跑，遇到哥哥，被哥哥嫌弃，精神上的虐待，女主伤心，想要放下。 5、哥哥带了女朋友回来，要让女主私心，女朋友刻意刁难女主，女主身体虚弱晕倒，进医院，查出怀孕,不通过,通过,不通过,通过
152,装瞎攻略偏执大佬,甜宠,女主家遭遇大火，父母双亡，女主的眼睛也被熏瞎，被未未婚夫家收留照顾，后来未婚夫勾结女主的闺蜜，陷害女主和男主发生关系并怀孕，想要因此向男主讹钱。却不想女主是装瞎，借此机会嫁入了真正的豪门家族，不仅收获了真爱，还打脸未婚夫等人，并且查出当年的火灾是未婚夫家干的。而男主一开始觉得女主别有用心，处处防备猜忌女主，甚至一度怀疑女主装瞎，因此两人不断拉扯试探，最后逐渐被对方吸引，从而爱上彼此,男主：帅气多金贵公子，性格多疑冷漠，不近女色，事业狂魔，女主的出现成了一个意外。 女主：装瞎装小白花，实则坚韧聪明，凭借着自己的能力复兴了家族。 男二：金钱至上，为了财富权利不择手段，甚至将自己的未婚妻送到别的男人床上,男主险些发现女主装瞎,1、未婚夫将瞎眼女主逼到楼梯，言语威胁，让她爬上男主的床，女主绝望乞求。 2、加入一小段口播解释主角之间的关系，女主原本是千金，一场大火将她双亲烧死，眼睛也瞎了，后来在未婚夫逼迫下去勾引首富继承人。 3、女主第一次和男主交锋，男主不相信女主怀了他的孩子，两人极限拉扯。 4、女主凭借肚子里的孩子嫁给了男主，男主怀疑女主心怀鬼胎，多次试探女主。 5、一次意外，女主暴露装瞎的事实，险些被男主发现,不通过,通过,不通过,通过
153,好孕甜妻,甜宠,五年前，女主在酒吧卖酒意外和男主一夜情并且怀孕，男主留下一张纸条后离去，而女主醒来的时候纸条被风吹走，从此和男主错过，独自生下男主的孩子，成为了单亲妈妈。五年后，女主带着儿子再和男主相遇，彼此都忘了对方是当年的一夜情对象，两人在事业上交锋，男主逐渐被女主的坚强善良品质吸引，最后爱上了女主。与此同时，男主还意外得知自己有个儿子，因此一直暗中派人寻找，却不知他要找的人近在眼前。 主角主要目的：男女主什么时候发现对方就是当年的一夜情对象。,男主：无情资本家，钻石王老五，帅气多金，但大龄单身，不近女色，女主是例外 女主：美丽大方，努力上进的小律师，在一次劳工纠纷案中和男主重新相遇，在重重艰难考验中爱上彼此  女二：豪门养女，嚣张跋扈，暗恋男主，看到男主对女主特殊对待，心生嫉妒，于是开始暗中陷害男主,女配为了刁难女主，给女主儿子吃菠萝过敏，并锁进储藏室，危急关头，男主出现救场,1、口播：交代前因后果，女主一次意外和男主一夜情，生下孩子，却忘了对方长相，一次意外，女主儿子生病进医院，撞进了首富爷爷的怀里。 2、首富爷爷发现女主儿子长得和男主小时候一模一样，一定是男主的孩子，男主却不相信，于是调查dna，得知真是男主孩子，男主回忆起六年前的一夜情，于是派人大面积寻找孩子。 3、女主庆祝接到案子，喝多意外撞进男主怀里，男主觉得女主长得熟悉。女主以为是闺蜜来接她，撒娇撒酒疯，男主被迫送女主离开，被女二看到。 4、女主成为男主公司的劳工纠纷律师，两人聊起儿子，女主要给男主看自己儿子照片。,通过,通过,通过,通过
154,万千风情予你,甜宠,女主结婚当天，女主的闺蜜和未婚夫出轨，女主将两人苟合的过程拍下，并在酒店大堂显示屏上播放，并且当众退婚，大闹婚礼现场。之后，女主在躲避记者的追问时，碰上了未婚夫的小叔（男主），小叔帮女主躲避记者，两人就此相识并且一夜情。女主为了报复未婚夫，提出和小叔结婚，而小叔对女主钟情已久，答应女主，女主从此变成未婚夫的小婶。最后，女主在男主步步为营中，逐渐爱上了男主，并且夺回家产，打脸众反派。 主角主要目的：女主什么时候真正爱上男主,男主：帅气多金，隐忍克制，深爱女主多年 女主：明媚开朗，敢爱敢恨，有气绝不憋着，有仇当场报，上能撕渣男贱女，下能忍气吞声夺家产 女二：心机闺蜜，家里没钱，因此从小嫉妒身为富家千金的女主，女主拥有的，她都要抢走，因此频频给女主制造危机,女主被闺蜜和渣男刁难，男主出场解围,1、女主大婚前夕，在备婚室看到未婚夫和闺蜜做爱，女主愤怒，拿手机拍下。 2、记者闻风赶来，要拍偷情新闻，另一边又要追问女主感受，女主躲避记者，意外撞见未婚夫的小叔（男主），女主拿小叔当挡箭牌，亲吻小叔 3、女主伤心醉酒一夜情，睡了小叔 4、第二天结婚，女主当众退婚，搞砸婚礼现场，未婚夫刁难女主，小叔维护，并且让未婚夫叫女主小婶，众人惊,不通过,通过,不通过,不通过
155,全世界最爱我的她,虐恋,女配故意制造车祸装受伤，让男主调走了医院所有医生，女主也因车祸，没得到及时救治，孩子流产。她在医院发现男主跟女配的“亲热”，失望提离婚。见男主果断签字，她失望跳海自杀。,男主：总裁，眼盲心瞎，爱而不自知，当失去女主后，开始无限后悔。 女主：因男主小时候的守护，还有后来的救命之恩，疯狂爱男主，后失望结束生命。 男二：女主曾经救过的京圈少爷。 女二：女主继妹，各种欺负女主，抢女主的一切，谋害男主想要得到男主的公司,一卡：警察找到男主告诉她，女主跳海自杀，让他去警局辨领尸体,女主因女配的设计，两人同时发生车祸。男主为女配调走所有医生，而女主因得不到及时救治，孩子流产。女主在医院发现男主对女配的贴心照顾，想到因为女配，她孩子才没了，女主失望上去质问，当她告诉男主她流产的时，男主觉得孩子是女主设计而来，无所谓孩子生死，女主提出离婚，男主果断签字，瞧不起女主的他，觉得女主并不会真的离开。而女主想到过去被冷待种种，心死烧掉他们之间所有回忆，跳海自杀。而男主回来得知女主几天没在家，觉得女主是故意闹失踪欲擒故纵。男主在公司，听到员工谈论海边发现女尸，提到女尸跟女主有关时男主嗤之以鼻，女配来刷存在感，男主才知道女主在好友圈公布他们离婚的事，男主来气把结婚戒指扔进水池，假装跟女配好，自以为是的觉得能用这种方式将女主气出来。男主跟女配相处，频频想起女主的好走神。这时候男主兄弟来了，看到男主跟女配在一起，提到曾经男主为救女配摔下楼瞎眼断腿，女配却跑了，只有女主陪着她照顾他，男主震惊，当初不是女配照顾他的么？,不通过,不通过,通过,通过
156,30岁见晴天,大女主,白月光诬陷女主把她推下楼，渣男误信，推了女主一把，女主摔地上，下身流血，渣男却抱着白月光去医院，女主被送去医院，被告知怀孕但孩子没保住。女主失落出去，看到渣男还在照顾白月光，想到渣男之前因为白月光次次丢下她，失望提离婚。离婚后，男主开始他的追求之路。,男主：豪门世家继承人，曾经暗恋女主，女主婚后默默离开。 女主：千金小姐，隐瞒身份嫁给男主。 男二：弱精症，某公司老板，没有边界感。 女二：渣男青梅竹马，渣男公司有起色后，一心想嫁渣男。,渣男发现女主真的怀孕还流产了。,素材1：渣男为白月光推了女主一把，女主摔倒下体流血，她向渣男求助，渣男以白月光有心脏病为由得先送白月光治疗，让女主自己起来，好好休息会。跟着抱白月光去治疗，女主只能打急救电话，打一半昏死过去。再醒过来，被告知孩子没保住，后女主看到渣男医院贴心照顾白月光，失望提离婚，并告知好不容易怀上的孩子流产，渣男先是不信，后查到真有其事，各种后悔。 素材2：女主隐藏千金身份跟渣男在一起，给渣男母亲送重礼，却被羞辱是假货。女主本以为婆婆是这个家里唯一对她好的人，没想到婆婆只是为了渣男好丈夫形象。 素材3：回归宴上，女主被女配羞辱，女主打脸回去。,不通过,不通过,不通过,通过
157,我的最后一任男朋友,虐恋,女主在公司被压榨，在家被父母虐待，被未婚夫背叛，检查得知生命只剩下三个月。女主目睹同事加班猝死，又被渣男催还贷，愤然觉醒，决定为自己活一次 女主和医生男主一夜情，两人逐渐相识相知，女主化身大女人，在男主的帮助下手撕渣男未婚夫，揭露职场黑暗，与家庭决裂。男女主渐渐相爱，女主为爱隐瞒生病真相，撒谎离开男主，男主得知一切悲伤。,女主：被家庭职场婚姻三重压榨，得知生命只有三个月后觉醒，决定为自己而活，在生命的最后时刻爱上男主。 男主：医生，有责任心，医术高超，和女主相爱。 男二：女主未婚夫，出轨女主闺蜜,女主被恶毒女领导指责辱骂，女主扇耳光反击，,1.女主医院遇到男主，男主对女主产生好感。 2.女主工作成果被同事抢占，查看体检结果发现自己得绝症。 3.女主未婚夫出轨，问女主要钱，女主加班时同事过劳送医院，女主被未婚夫指责殴打，男主赶到救场。女主清醒，主动提出和男主约会。,通过,通过,不通过,通过
158,千金我当腻了，现在只想好好打工,大女主,女主是千金大小姐，男主是女主家集团的商业对手。女主隐藏身份来哥哥公司实习，被同为实习生的女配冒领身份打压。男主本想通过追求女主来打败女主哥哥，却将女配误认成女主进行追求，在这过程中男主渐渐对女主产生好感。最终女配被拆穿，女主和男主走到一起。,男主：总裁，女主哥哥的竞争对手 女主：千金大小姐 女配：冒领女主身份的心机女 男配：女主哥哥,女主真千金身份差点暴露,1.女配假装大小姐宴请众人，逼着在餐厅当服务员的爸给自己做豪华宴席。 2.女主和哥哥吃饭，哥哥带来特质蛋糕，女主嫌弃蛋糕让女配爸带走，女配爸离开女主说蛋糕回家再吃。女主回到女配桌上，发现女配爸推着蛋糕出现 3.女主想拆穿女配，女配爸维护女配，女主被众人指责。餐厅经理推门而入，指责女配切大小姐的蛋糕，女配差点被拆穿。,不通过,通过,不通过,通过
159,乡下真千金竟是老祖宗,大女主,女主本是王室公主，一睁眼发现自己穿越到现代，成为豪门被找回的真千金。家人嫌弃女主是没规矩的土包子，妹妹自诩懂礼仪才学过人对女主处处为难，女主利用自己做公主的知识打脸偏心家人，并决心争夺继承权。在这个过程中，总裁男主对女主产生兴趣，展开追求，最终女主成功打脸并和男主走到一起。,女主：穿越前是王室公主，各方面技能点满。穿越后是豪门走失的真千金，一心争取家族继承权，利用自己的王室技能打脸偏心家人。 男主：帅气多金的腹黑总裁，欣赏女主，对女主产生兴趣。,女主被羞辱后的打脸反击,1.女主本是王室公主，穿越成豪门走失千金，被接回家。保姆故意苛待女主，女主直接把花瓶砸在保姆头上打脸。 2.宴会女配故意刁难女主，以为女主是乡下来的土包子不会跳舞，想让女主跳华尔兹出丑，结果女主轻松拿捏。 3.偏心家人贴脸羞辱女主，故意扯坏女主的裙子，女主霸气扇耳光被男主目睹，男主对女主产生兴趣主动提出联姻。,不通过,通过,不通过,通过
160,《千金女佣》,甜宠,女主家族惨遭灭门，家破人亡后，女主前往未婚夫家族寻求庇护，然而却发现自己的身份已经被冒领，女主从尊贵的千金沦落为一名女佣。女主服侍的人正是未婚夫的小叔，黑手党教父，女主误会小叔正是自己家族灭门的真凶，想要复仇，却在接触中逐渐意识到凶手不是小叔，两人被彼此吸引，最终一起面对困难，解开真相。,女主：真伊莎贝拉·艾德里安 原为显赫世家千金，家破人亡后去投奔男主，身份却被顶替，只能化名安娜，以女佣身份留下。 男主：莱昂纳德·蒙特福特， 黑手党教父。 男二：亚历克斯·蒙特福，女主未婚夫，害女主家破人亡的真凶。 女二：假伊莎贝拉·艾德里安。,女主意识到男主并未真凶，男二绑架了女主。,女主潜入男主家族，却发现身份被顶替，想要揭穿但没能如愿，为了查明真相决定作为女佣留下。 女主误会男主是真凶，一心想要复仇。 女主察觉到凶手可能不是男主，而是未婚夫。 未婚夫察觉女主对真相有所察觉，绑架了女主。,不通过,通过,不通过,通过
161,《月染爱人》,狼人,身为Alpha的男主会在月圆之夜发狂，只有女主才能安抚他，然而女主只是一个普通人。 女主的家族和男主家族有婚约在身，但两人并没有见过彼此。女主父母双亡，寄养在舅舅家中，饱受欺凌。 在一次偶然中，男主救下受欺负的女主，意外发现女主能够安抚自己，请求女主嫁给自己。女主以自己有婚约为由拒绝，随后两人发现对方就是婚约对象。,女主：普通人类，却奇异的对发狂的男主有安抚作用，与男主有婚约在身。 男主：狼人霸总。 男反1：狼人Gamma，觊觎男主身份。 男反2：女主的领养人，唯利是图。 女反1：领养人的女儿，以欺压女主为乐。,女主前往男主家中，差点发现男主就是未婚夫。,男主发狂伤人，女主抱住男主，一个吻让男主冷静下来。 女主受欺负，男主出现帮了女主。 男主向女主求婚，女主以有未婚夫为由拒绝。 女主差点发现男主就是未婚夫。,不通过,通过,不通过,通过
162,伪名媛混圈手册,大女主,女主是被父亲和继母吸血的小画家，作品被父母卖给女配，失去出国逃离原生家庭的机会。女主为了追求艺术梦，伪装成名媛出席社交宴会，勾引富豪男主，想嫁给男主做富太太。男主对女主从厌恶到产生兴趣，同时，爱慕男主的女配发现女主身份真相，一心想要拆穿女主。男主在欲念中沉沦挣扎，逐渐发现女主的真实目的，女主对男主从利用到卸下伪装。两人最终坦诚相对，面对女配的为难男主霸气袒护女主，并走到一起。,女主：被家庭吸血的画家，被富豪千金女配抢走作品，想要伪装成名媛嫁给男主实现艺术梦 男主：富豪，帅气多金，对女主从厌恶到怜惜 女配：男主爱慕者，画师，抢走女主作品，想通过拆穿女主身份阻挠男女主在一起。,男主什么时候真正爱上女主,1.女主宴会华丽登场吸引众人注意，男主对女主不屑一顾。宴会结束，女主褪下华丽一群，变身朴素小画师再遇男主。 2.女配得知女主身份，故意撕扯女主租来的裙子，想要拆穿女主。 3.男主看到女主绘画作品被震撼，闪回男主误会女主解释作品含义是引起自己注意的手段，闪回结束男主从画廊老板口中得知女主身世真相。 4.女主画展现场，女配带女主父母出场，父母厮打女主，女主出丑丢人，男主赶到。,不通过,通过,不通过,通过
163,《私藏挚爱》,虐恋,女主是清纯女大学生，兼职打工时大佬男主对女主一见钟情，用女主家庭朋友威胁，女主不得不妥协，委身于男主。但女主一直对出车祸昏迷的前男友念念不忘，男主吃醋嫉妒玩强制爱。男主的秘书女配在两人之间挑拨离间，前男友意外死亡，女主误会男主是幕后黑手，最终女主得知真相，意识到男主对自己的感情，两人解开误会和好。,女主：女大学生，兼职打工时被男主看上，清纯坚强 男主：黑帮大佬，杀伐果决，对女主一见钟情 女配：男主秘书，爱慕男主,女主心系前男友，偷偷去医院看望，却发现男主站在前男友病床前，反问女主你念念不忘的就是这个植物人吗,1.女主是大学生，做兼职时被男主看上，用亲戚朋友胁迫，女主不得不同意和男主上床。 2.女主试图反抗男主，被男主带到会所，命令女主陪酒取乐，羞辱女主。 3.女配嫉妒女主，故意把女主推进碎玻璃中，女主受伤去医院处理，在医院看到昏迷的前男友伤心，男主得知女主爱前男友发疯,不通过,通过,不通过,通过
164,遗失的温柔,亲情,女主是养女，在被亲生女儿女配污蔑推倒奶奶，父母把女主送进精神病院忏悔改过，女主在其中被霸凌虐待，落下终身残疾。三年后，在爷爷的逼迫下，女主父亲不得不接回女主参加生日宴，女配担心女主夺走家人的爱，对女主百般为难，故意让女主和风评很差的男主联姻，但男主渐渐爱上女主，处处袒护女主，女主对女配不再一味忍让，开始反击。最终家人认清真相追悔莫及。,女主：养女，从阳光明媚到阴暗沉默，被女配陷害 女配：真千金，担心女主夺走家人的爱，也担心家人得知真相，对女主百般陷害,女主爸发火要推倒女主，结果打掉女主假肢，家人即将发现女主被虐待的真相,1.女主父亲接女主回家，发现女主不复往昔明媚，女主父亲余怒未消，把女主推下车 2.女主回家，看到饭菜想起在精神病院被霸凌虐待，冲进卫生间呕吐，被女配诬陷不珍惜母亲亲手做的饭菜，父亲对女主发火。 3.昏迷三年的奶奶睁开眼，即将说出当年被推到的真相。,通过,通过,不通过,通过
165,我被老板深深溺爱,甜宠,女主与患病的父亲相依为命，为了给父亲治病欠下一屁股债，父亲去世后，为了还债，女主在白天在男主公司工作，晚上去会所打工，意外与男主发生关系并怀孕，事后才知道男主是公司老板，而且还是自己大学学姐兼上司喜欢的人。因为怕男主抢走孩子，一直隐瞒自己怀孕的事，后续在和男主的相处中相爱，怀着孩子嫁入豪门。（设定是女主多年前帮过男主，但已经不记得男主，入职以后也没见过难过，所以最开始没认出男主。）,女主：男主公司员工，勤勤恳恳打工人，十分重视感情 男主：总裁，对女主一见钟情，暗恋已久。被下药时认出女主，所以才让女主帮忙，事后也一直想补偿女主 女配：男主青梅竹马，认为自己将来一定会嫁给男主，讨厌男主身边的一切异性。知道女主和男主的事情后，一直从中作梗,男主什么时候知道女主怀孕？什么时候向女主表白？,素材1：女主去医院看病，被医生告知怀孕，回忆起和男主一夜情的场景 素材2：女主和学姐兼上司的女配一起去参加酒会，发现自己的一夜情对象就是男主，而且男主还是女配喜欢的人 素材3：男主私下和女主谈起一夜情的事情，表示要给女主一个名分，女主却因为不想背叛女配拒绝，结果拒绝时当场孕吐，引起男主怀疑,不通过,通过,不通过,不通过
166,家里家外,甜宠,女主被亡夫的哥哥霸占房子，和儿子一起被赶出家门，窘迫之际遇到同样单亲，带着一个女儿的男主。男主可怜女主遭遇（其实是几年前就因为被女主帮过而暗恋女主），提出和女主假结婚，女主同意，两人先婚后爱。,女主：嘴硬心软，对自己人很好，很顾家 男主：爱女主，尊重女主，平常待人温和，但在女主被欺负的时候，无条件维护女主,先婚后爱，女主何时知道男主对自己的心意，两个人何时能够真正走到一起,素材1：嫂子给女主介绍一个有钱但很没品的相亲对象，还让女主儿子叫对方爸爸，对方表示不养便宜儿子，要儿子打工养活自己，女主气得掀桌离开 素材2：女主因为破坏相亲，得罪亡夫的哥哥嫂子，被强行赶出去，带着儿子露宿街头，遭到相亲对象的奚落和调戏，被男主救下 素材3：两人新婚夜，男主向女主坦白自己的爱，结果发现女主睡着了,不通过,通过,不通过,不通过
167,《白色纯真之恋》,虐恋,三年前，男女主相恋，却因女主父亲阻挠被迫分离，女主谎称移情别恋和男主分手。三年后，女主成为顶级律师，而男主则成为令人闻风丧胆的黑道教父。一次诉讼中，女主成为男主的辩护律师，两人重逢，皆无法克制心中爱意，但男主却因当年的背叛难以释怀，两人一边爱着彼此一边伤害彼此，最终得知真相，相守一生。,女主：28岁 律师。 男主：30岁 黑道教父 女二：26岁 男主得力助手，喜欢男主，视女主为仇敌。,女主被女配虐虐虐，男主即将出现,女主和男主在法庭重逢，闪回前史 女配挑衅女主，说男主最讨厌的人就是女主 女配虐女主,通过,通过,通过,通过
168,逃不出顾教授的手掌心,甜宠,穷学生女主意外和天才男主一夜情，两人在教堂宣誓结婚，女主却因喝醉忘记男主长相。男主为找到女主，接受女主学校邀请，化身女主教授与女主再次相遇。女主被舍友霸凌，被家庭吸血，男主为女主保驾护航。两人感情渐渐发展，最终走到一起。,女主：勤恳善良的穷学生 男主：天才教授，严格有责任心,女主得知自己新教授上任见到男主，两人即将相认,1.女主被同学霸凌说是不要脸的拜金女，同学推倒女主，男主赶到扶住。 2.男女主一夜情教堂宣誓结婚，女主醒来仓皇离开，男主为找到女主，接受女主学校邀请，化身严格教授。 3.女主紧张去找男主通融论文，试图向男主表白，男主抬头，两人即将相认。,不通过,通过,不通过,通过
169,顾家弃女,甜宠,女主是豪门私生女，从小被丢在乡下农场，女主父亲为了不让养在自己身边的大女儿履行娃娃亲，嫁给一个残疾穷鬼，于是逼迫女主替嫁。但由于结婚当天混乱，女主被送进了男主家，嫁错了人。新婚夜，男女主初见就一见钟情，成了名副其实的夫妻。即便后来两人得知错嫁一事，还是将错就错，从此以后女主成了富太太，为男主生下孩子。多年后，女主回了娘家，却被看不起，把女主和女二当做对照组，后来被男女主打脸。 主角目的：男女主打脸众反派,男主：帅气多金的首富，护短，对女主一见钟情 女主：温柔善良的坚韧小白花,女主被家人刁难和嘲笑，男主上门救场,1、口播：女主是私生女，从小生长在乡下，爹不疼娘死了，从小就是小可怜，后来父亲为了女主的姐姐，将女主替嫁给残疾穷鬼，女主却阴差阳错嫁给首富。 2、女主被按着穿婚纱，父亲和继母以强势手段逼迫女主嫁人，女主挣扎，艰难逃跑，结果却直接撞上了男主的婚车，最后无奈嫁人。却不知上错了婚车 3、新婚夜，男女主在没见面之间对彼此印象很差，见了面之后一见钟情。 4、第二天，男女主得知错嫁真相，决定将错就错，从此女主成了豪门富太太，而家人缺以为她成功嫁给了穷鬼，内心得意。三年后，女主父亲生日宴，女主回归，被家人嘲笑看不起，在危急关头，男主上门打脸众人,不通过,通过,通过,通过
170,《Forced to Be Loved by the Mafia》,甜宠,梗概：芭蕾舞者女主在夜店打工时，意外救了黑手党教父男主，并拒绝了他的金钱报酬。男主被女主的纯真吸引，买下她所在的舞团并当众求婚。女主为摆脱男主，与警察好友男配恋爱。男主占有欲作祟，以各种方式阻挠两人来往，甚至在订婚宴上揭露男配所在警局的贪污行为，男配放弃订婚。女主被男主带走，俩人结婚前，女主遭到觊觎男主的黑帮大小姐女反暗害，被男配救下藏匿。男主最终找到女主，俩人结婚。婚后，女主逐渐发现男主温柔善良的一面，对他产生好感。然而，在女反和男配的挑拨下，俩人再次爆发冲突，男主选择放手还女主自由。男配与女反联手绑架女主，男主赴约，为保护女主挡下子弹，女主终于认清自己的心意，最终俩人消除误会和芥蒂幸福在一起…… 主角主要目的：男主想要女主，女主一开始想要自由，后来和男主一起。 经历阻碍事件： 1-男主抢婚，女主被迫和男主结婚。 2.女主假死，被男配藏匿，男主以为他们发生关系 3.男女主被设计决裂，男主让女主杀了自己,男主：黑手党教父，认识女主之前张狂，为了女主收敛，改变自我。 女主：芭蕾舞者， 以为父亲死于黑帮之手，厌恶黑手党，后来被男主感动 男二：虚伪警察，害死女主父亲真正凶手，一开始喜欢女主，后来利用她 女二：黑帮大小姐，心狠手辣，阻止男女主在一起,女主遭到所在舞团的上级领导霸凌和强暴，男主赶到救女主,吸睛事件 素材1：男主抢婚拿枪指着男配 素材2：男主认出假死女主 素材3：男主让女主所枪地着自己,通过,通过,通过,通过
171,假千金翻身成豪门,大女主,女主养父母找到亲生女儿女配，把女主逐出家门，本以为女主即将回到贫困家庭，没想到亲生父母是全国首富，对女主宠爱有加。女主对养父母一家忍无可忍，打脸报复。富豪男主暗恋女主多年，没想到女主就是婚约对象，两人走到一起。,女主：落魄养女变千金大小姐，清醒独立 男主：暗恋女主多年，和女主有婚约 女配：女主养父母的亲生女儿，看不起女主,养父母一家以为女主落魄变穷鬼，肆意嘲笑女主，结果女主撒钱打脸,1.女主被养父母和女配欺负虐待，女主踩玻璃渣被狼狈赶出家门，恰逢亲生父母来接女主回家，因意外只能走路前来，养父母一家误会女主即将落魄变穷鬼嘲笑。 2.女主在豪华大酒店再遇养父母，养父母以为女主纠缠不休，嘲讽女主。 3.养父母一家以为签约巨额订单狂喜，结果女主当场撕毁订单打脸。,通过,通过,通过,通过
172,坠入春夜,大女主,女配想攀上男主这个黑帮大佬，但她无法生育，于是算计女主和男主发生一夜情，随后女主怀孕，女配抱走女主的孩子，并放火想要烧死女主，女主火灾后全脸毁容，被一名医生救下，给她做了全脸整形，而女配带着孩子去找男主，要求男主跟她结婚，男主做了亲子鉴定，发现孩子确实是他的，于是跟女配结婚。多年后，女主整容成功回归，并到男主的赌场应聘荷官，男主轻视她，女主用实力证明了她自己，顺利当上荷官。而女配认不出整容后的女主，女主一边巴结女配说要帮她想办法让男主爱上她，一边又在背地里用各种高明手段勾引男主。,女主：赌场荷官，美艳，聪明有心计，为了复仇勾引男主。 男主：黑帮大佬，腹黑冷漠，爱自己的女儿，一步一步被女主勾引。 女配：自私自利，恶毒。因为自己没有生育能力，所以故意让女主和男主发生关系，让女主怀上男主的孩子。,女主勾引男主，差点被女配发现。,口播介绍前情提要，女主和男主发生一夜情，在医院生孩子，孩子被女配抱走，女主被医生救下，全脸整容。随后转场到多年后，女主成为美艳荷官，在赌场遇到男主，在应聘中用实力取得男主的认可。接，女主利用女配的愚蠢，多次勾引男主。女主在男主的办公室内勾引男主，正好女配推门而入，差点看到女主和男主的亲密动作。,不通过,通过,不通过,通过
173,蚀骨成欢,虐恋,女主被女配诬陷，男主误以为女主把他的白月光推下楼，导致白月光死亡，其后跟女主离婚，并把女主送进监狱，女主在监狱中生下男主的孩子，时隔几年出狱，女主得知男主要和白月光的妹妹（女配）订婚，男主为了报复女主，在生活中百般刁难的女主，在订婚宴上，男主得知女主生了自己的孩子，找上门想要抢孩子的抚养权，两人在拉扯中，男主渐渐得知当年的真相，愧疚后悔。,女主：千金小姐，后坐了五年牢，出来后家破人亡，只剩下她一人。 男主：总裁，冷漠高傲，任何女人都不放在眼中。 男配：黑道大佬，坐了五年牢，杀伐果决，对女主一见钟情。 女配：男主白月光的妹妹，心机深沉，恶毒。,男主得知女主生下自己的孩子。,女主亲眼看到白月光摔下楼，想要伸手去抓，却被男主正好撞见，以为是女主杀了白月光，跟女主离婚，并在葬礼上把女主送进监狱，时隔五年，女主带着孩子从监狱出来，于男主再次相见，两人拉扯争执，却得知男主要个白月光的妹妹订婚了，在订婚宴上，男主得知女主生下了自己的孩子。,通过,通过,不通过,通过
174,桃花马上请长缨,大女主,故事起因：女主是一家拳击俱乐部的创办人，也是神秘的地下赛事蒙面传奇拳击手，却因为怀孕决定隐退，她的丈夫也是一名拳击手。为了感恩女主在家做全职主妇的付出，男配许诺绝不辜负，没想到却和俱乐部高管的侄女（女子拳击冠军）偷情，并打压女主是个瘦弱的黄脸婆，只会做饭带孩子，女主同意离婚，说只要孩子的抚养权，男配不同意，女配甚至要对女主的孩子动手，争执中，女主展示出拳击手能力，男配大惊，奇怪女主难道也会拳击，女配说不过是看多了，会那么两下。男主是体育集团总裁，欣赏女主，得知女主情况，让女主参加地下赛事，打赢男配获得抚养权，女主给男配下战书，来到地下赛事，女配和一群人打压女主，结果女主一下就把男配给干趴下了，解说员大惊，说女主难道就是五年前那位传奇拳击手……（一卡）（简化拳击过程，一拳超人那样一招KO） 女主获得抚养权，男配找补说自己状态不好，说女主嗑药，反正不承认她是传说中的传奇拳击手。女主与男主安慰女儿时培养感情，女主所到自己俱乐部的周年宴会邀请，带着男主出席，被男配和女配还有女配叔叔质疑打压，男主亮出身份，没人信，直接用金钱实力证明自己，男配说就算男主是体育集团大佬怎样，女主还不是冒充创始人，只有创始人的代理才知道创始人长啥样，代理出现，对着女主喊BOSS（二卡） 后面反派继续不认，认为代理人和女主有交易，女配向女主挑衅，敢不敢参加正式的拳击赛，光明正大和自己打，女主同意，没想到反派却使诈，绑架女主，要她不战而输，男主救了女主，正打女配在赛台上得意数倒计时，女主出现，让女配准备好开始吧（三卡） 女主打赢女配，揭示自己传奇拳击手身份。同时回公司要开掉反派们，反派们认为她不是创始人，没有权利，继续怀疑和打压，女主证明了自己，终于把反派送进监狱，和男主还有孩子幸福一起……,女主：拳击俱乐部创始人，地下赛事的”蒙面“传奇拳击手 男主：体育集团CEO，欣赏女主 男配：女主前夫，拳击手，势力虚伪 女配：女子拳击冠军，男配小三，心机自大,女主一下就把男配给干趴下了，解说员大惊，说女主难道就是五年前那位传奇拳击手……,吸睛事件 素材1：男配带着女配在女主和孩子在前提离婚，要娶女配 素材2：女配要欺负孩子，女主展露出自己会拳击的一面 素材3：女主揭示BOSS身份，反派们后悔 素材4：女主一拳KO男配，全场震惊,不通过,通过,通过,通过
175,知道我身份后你哭什么（红果：贤妻难当）,大女主,梗概：女主是集团董事长千金，也是家族继承人，婚后为了去国外深造，让男主先管理其中一家公司，同时为了不让员工看不起男主，让男主对外称单身，打算等回来的时候（男主证明了能力）再找时机公布两人关系。女配是公司的总监，职位仅次于男主，与男主朝夕相处，以为男主也喜欢自己，这天在餐厅主动向男主示爱，男主说有想娶的人，归国女主出现，男主与女主亲密拥抱，女配成为了餐厅路人笑柄。次日，公司在休闲会所团建，女主以实习生的身份参加party，想要通过这个方式了解员工，男主说开会晚点来，女配认出女主，以为男主要把情人安排到公司，不想让女主入职，开始找女主麻烦……中间各种不认女主，继续各种虐，直到男主把女主送进医院，女主醒来要报复女配…… 三卡事件（虐点场景可替换，主要考虑到紧张感和视觉冲击）： 一卡：女配的人把女主关在桑拿房，将桑拿房温度调到最高，让女主脱水和灼伤，同时男主四下找女主，即将闯进桑拿室（1—8集） 2.女配把女主扔在阳台，下面就是40米高的泳池，女主抓着栏杆害怕摔下，女配用高跟鞋一根一根踩女主的手指，女主掉进泳池，男主正好转头看到（8—18集） 3.男主以为是其它跳水玩的同事没在意，女主被其它同事送到医院，女配挑拨离间说男主不想要她了，才让自己对付她。女主半信半疑，男主联系她，她决定不理。先用自己的势力报复女配，设局让女配自己钻，（女配以为自己把女主骗到男人床上，让男人凌辱女主，没想到自己中招，房间外全是行业的熟人），女配恼羞成怒要打女主，被赶来的男主反打一巴掌，男主告诉女配，女主是集团继承人，也是自己的妻子。（18—30集） 后续就是男女主误会解开，女配被开，名声扫地，同时还是不认女主身份，以为是男主骗自己，于是联合公司自己的旧心腹，在公司的重要商务活动上面，想让女主身败名裂，没想到女主的父亲，董事长直接出现，坐实女主身份，女配和心腹被抓走……,男主：公司总裁，深情、专一，爱女主。 女主：董事长千金，集团继承人，善良温柔 女反：仅次于男主的公司总监，喜欢男主，嫉妒女主，想把女主赶走,女配把女主锁在桑拿房，女主被灼伤尖叫，男主开门要进来（救人）,吸睛事件 素材1：女主被关在桑拿房，脸被灼伤，尖叫，女配冷笑拉紧了门，隔着玻璃门看女主惨状 素材2：女配用高眼鞋把女主手指一根根踩掉，女主掉下40米游泳池，寻找女主的男主回头正好看到，却没认出来,通过,通过,通过,通过
176,故山犹负平生月,虐恋,故事起因：女主被富裕家庭收养，目的是为女配（养父母的亲生女儿）定期供血，每个月逼迫养女输血，还虐待她，把她当成下人一样对待，女主因为男主（集团高管）才留在养父母家，后来才知道男主对她好，也是因为女配，甚至要和女配结婚，女主心灰意冷决定在男主和女配结婚那天彻底消失，回到自己当初的孤儿院。 女配不满男配对女主好，把女主推下楼大出血，女主需要血，女配却滴血不给，女配作为天才时装设计师，但养父母总让女配冒用女主作品，女主说出自己才是创作者，女配陷入抄袭丑闻，更是遭到养父母还有男配（不知道一家人的操作，以为女主单纯就是诽谤女配）疯狂虐待。转眼来到女配和男配结婚日，一家人却发现女主不在了，他们以为女主就是闹脾气，没想到却得知过去种种都是女配设计，而管家却拿着亲子鉴定，指出女主才是他们的亲生女儿，当时医院抱错了……（一卡） 原来女主和女配同一天出生，因为医院的疏忽抱错，女主被瘾君子父母扔给孤儿院，而女配被养父母带回，又因为女配的病，养父母又收养了女主。一切真相大白，养父母追悔莫及，而男主才确定他喜欢女配的设计才华是假的，有才华的是女主，一家人开始追女火葬场……后面就是女主在孤儿院认识了男配，男配也是总裁，而且热心公益，对女主一见钟情，求婚 ，还把女主带回自己家，让女主感受到家的温暖，然后彻底被抛弃的女配作妖，养父母还有男主一家被女配害。女主和男配婚礼上， 养父母一家还有男主追来再次乞求原谅，男主让女主别结婚，婚礼上女配再次陷害，男主受伤，结局女主还是和男配在一起了…… 二卡事件：一家人找到女主所在，向女主求原谅…… 三卡事件：女主婚礼，男主求女主不要结婚……,女主：真千金，又被养父母领养回来，善良知足 男主：高管，因为才华喜欢女配，因为女配对女主好，后来才知道喜欢的是女主，追妻 男配：总裁，善良温润，对女主一见钟情，给发女主属于家的温暖，最后和女主结婚 女配：假千金，心机深，为非作歹，后来知道自己是假的，报复女主和家人,女主离开，管家拿着亲子鉴定说女主才是亲生女儿……,吸睛事件 素材1：男主带着女主献血，一家人盯着让献多点，女主面色苍白晕了过去，大家只关心女配恢复了吗…… 素材2：女主离开，一家人还在打压，管家说女主才是亲生女儿，一家人要去找女主…… 素材3：婚礼上，一家人找女主各种求原谅，女主不理，男主求女主不要和别人结婚…… 素材4：其它具体的虐事件和画面,不通过,通过,通过,通过
177,霍先生的小祖宗甜又美,甜宠,女主为了挣钱给母亲治病，在酒吧打工，意外和男主一夜情后怀孕。女主被催还欠款时，孩子出生，女主不得已偷偷把孩子送到男主家别墅外，男主发现孩子是自己的，全城寻找孩子妈。与此同时，女主为了还清欠款，去男主家做女仆打工，因为能及时安抚孩子情绪，引起男主注意。爱慕男主多年的女配心生嫉妒，千方百计阻碍男女主相认，男女主最终相认he。,女主：贫苦小白花，为挣母亲医药费去男主家做女仆，独立坚强 男主：绝嗣的黑帮大佬 女配：嫉妒女主的千金大小姐,女主被女配扒下衣服打，男主赶到看到女主的胎记，男女主即将相认。,1.男女主一夜情，女主怀孕，被放贷人逼迫还钱，意外产子，深夜将孩子放在男主家门口，男主发现孩子，高调全城寻找孩子妈 2.女主为还清母亲医药费，去男主家做女仆，女主打碎花瓶滑倒，男主及时扶住女主，男女主差点相认。 3.女配得知男主看重女主心生嫉妒，命令手下扒女主衣服，把女主按在地上打，男主赶到看到女主的胎记，男女主即将相认。,通过,通过,通过,通过
178,离婚后惊艳全世界，渣男前夫悔哭了,/,故事起因 男主和女主酒后乱性发生了关系。男主爷爷突然病重，为了完成爷爷的心愿，找到女主提出了假结婚。女主家的服装公司倒闭了，欠下了一堆外债，再加上女主暗恋男主多年，于是答应了男主。结婚两年后，女主怀孕了却不敢告诉男主，怕他逼迫女主打掉孩子。女主母亲病情恶化，急需手术费，女主打电话给男主助理，助理对女主态度恶劣。男主的白月光回国，男主为其包下游艇庆生豪掷千金。女主找男主签字，听到男主和朋友的对话，称不日将会和女主离婚。公司同事羞辱女主是靠身体上位，女主还击。男主却让女主道歉。女主心灰意冷，向男主提出离婚，男主却讽刺女主，说女主离了他活不下去。女主结婚后，放弃了原本的事业成为了男主可有可无的助理。女主为了离开男主，重新找工作，想辞职，却遭到男主的屡次阻拦。 主角主要目的 女主想要离婚 离开男主 经历阻碍事件 1.女主想要离婚 男主一直阻挠 甚至逼女主流产 2.女主同事、男主的白月光、男主助理对女主态度恶劣，攻击打压 3.男主没有意识到自己对女主的情感，屡次伤害女主,男主 霍氏总裁 和女主因为一次意外结婚 却一直在女二和女主之间徘徊 女主 曾是设计师 和男主结婚后成了男主助理 意外怀孕却不敢让男主知道 计划和男主离婚 男二 医生 一直暗恋女主 默默为女主付出 女二 宋氏千金 男主的初恋 一直爱着男主 和女主抢男主,一卡：女主和男主一起去老宅看爷爷，女主闻到水晶虾饺突然呕吐，爷爷怀疑女主是否怀孕。,吸睛事件 素材1 女主向男主提出离婚 男主却说离了自己，女主活不下去。女主称自己像一个廉价的妓女。男主却说女主连妓女都比不上，离了男主，没人会要她。 素材2 女二挑衅女主 对女主说不被爱的才是第三者 给女主三百万 让女主和男主离婚 不要再纠缠男主 素材3 公司同事羞辱女主靠身体上位，女主还击，男主却让女主向同事道歉,通过,通过,不通过,通过
179,野玫瑰腰细身软，京圈太子沦陷了,/,故事起因 女主相恋五年的男友抛弃她去联姻了，忙碌两年的技术成果也被姐姐剽窃。心灰意冷的女主去夜店点男模，误把男主当成鸭子和男主发生了关系。第二天醒来，男主开口 管女主要500万，女主没钱找借口逃单了。回到家，家人对其冷嘲热讽，姐姐抢了她的技术，妈妈想把她卖给声名狼藉的陈鹏。为了挽救公司，女主努力争取与盛航合作的机会，结果在饭局上遭到范总的咸猪手。女主逃跑，情急之下跑进了男厕所。遇到了男主，男主追债，留下了联系方式。为了挽回合作，女主跑到盛航去争取机会，结果发现男主就是盛航总裁。 主角主要目的 女主想挽救公司 经历阻碍事件 1.女主的姐姐偷窃技术 导致女主的公司损失惨重 2.女主的合伙人背叛女主 3.盛航的范总 企图猥亵女主 威胁女主不答应就拒绝合作,男主 盛航总裁 却女主误以为是夜店男模 女主 沈家千金 妈妈被小三害死 小三上位上位后处处和女主作对 小三的女儿（女主姐姐）还剽窃了女主的技术 误以为男主是夜店男模 和男主发生了关系 男二 女主的前未婚夫 抛弃女主去家族联姻 女二 女主姐姐 一心和女主作对 想抢夺女主的一切,一卡：女主到盛航谈合作，结果发现自己点的夜店男模是盛航总裁,吸睛事件 素材1 女主以为男主是夜店男模 和男主一夜情 其实男主是盛航总裁 素材2 男主开口管女主要500万 女主逃单 素材3 女主发现自己点的夜店男模 居然是盛航总裁,通过,通过,通过,不通过
180,被亲妈抛弃后，真千金疯狂掉马,/,故事起因 女主是苏家的真千金 长大后才被接回。被养女多次陷害，遭到母亲的鞭打。甚至被要求将设计稿让给养女。女主忍无可忍，反用鞭子教训母亲，喂养女吃芒果，彻底与苏家决裂，并甩出断亲协议，正式脱离苏家。为了报复苏家，女主和男主闪婚，男主假装残疾，利用女主获取时家老爷子留下来的股份。女主进入顾氏珠宝，与养女正面竞争。不仅揭露了养女抄袭的事实，还利用隐藏马甲多次打脸。 主角主要目的 打脸苏家复仇 经历阻碍事件 1.女主亲生母亲 不帮她反而多次是非不分 站在养女一边 2.养女为赶走女主 抢夺女主的地位 多次诬陷女主,男主 时家少爷 假装残疾争夺家产 与女主闪婚 女主 苏家真千金 常年流落在外 被接回是为了代替妹妹嫁给残疾的男主 多次受到养女诬陷 女二 苏家养女 却深得苏家人宠爱 多次诬陷女主 企图抢走女主的一切,一卡：女主即将掉马，暴露自己就是国际顶级设计师MY,吸睛事件 素材1 女主是真千金 母亲却因为养女 多次鞭打女主 素材2 女主忍无可忍反击 鞭打母亲 喂女二吃芒果 和苏家断亲 素材3 男主和女主做交易 闪婚,不通过,通过,不通过,通过
181,我的契约男模竟是老钱贵族,大女主,故事起因：出生在名媛家族-卡黛尔家族的女主，病重的外婆立下遗嘱，谁能在1年内生下孩子，谁就能继承家族。为了家族不落到心术不正的小姨手上，女主重金找到装成男模的男主，两人达成契约。实则男主是老钱贵族—艾伦家族掌权人。为了争夺X计划，女主花样百出的接近艾伦，男主为了保住马甲使尽浑身解数，乌龙不断。女反窃取女主方案，率先在女主之前拿出方案，让女主陷入抄袭风波。女主指出女反偷窃却被反污蔑，危机之时，女主拿出更惊艳的方案打脸女反。奶奶却强迫女主将胜利果实让给女反。男主派下属力挺女主，除女主外不跟其他人合作。男反挑拨女反，派杀手去暗杀女主，男主霸气调动各方势力护妻，差点暴露马甲。一次意外，女主发现父母死因竟然有女反的手笔，正要一查到底，却晕倒，查出怀有身孕。女主提出跟男主的结束契约，将男主气得离家出走，这时知道女主怀孕的女反再次下狠手…… 主角主要目的：女主要成为家族的掌权人。女反也想成为家族的掌权人。男主希望能通过隐瞒身份靠近不相信感情的女主身边，获得爱情。 经历阻碍事件： 1-想要继承家族荣耀，必须要在1年内比女反更早生下孩子。 2-方案被窃取陷入抄袭被当众打脸后反转爽。 3-女主察觉自己心动，发现怀孕立刻结束和男主的契约，没有保护后，被女反再下狠手…,女主，卡黛尔家族继承人，果断狠绝，为了获得家族产业，重金契约伪装成男模的男主，决定怀孕后去父留子。 男主，老钱贵族，因为女主不相信感情，选择隐藏马甲，先勾身再勾心。 女反，女主小姨，女主继承人竞争者之一，阴险额度，不择手段。为了能得到公司，害死了自己的姐姐， 男反，女主前男友，伪善狡诈，内心爱慕女主，但女主不愿意结婚，选择和女主小姨结婚，利用小姑得到家族后，想要强制爱女主。 女正，女主外婆，病重，为了丈夫临终前的嘱托，在自己生命的最后1年选择下猛药磨砺女主。,女主震惊发现自己的X计划方案竟然被女反的提前公布，还被污蔑抄袭，奶奶不顾女主拿出更加优秀的作品，强制女主让出胜利果实给女反，女主无可奈何之际，男主让下属宣布X计划还是得主是女主，女主要当面感谢男主，出现在男主的办公室门口，下属震惊的阻拦不及，办公室门打开，男主转身看向门口和女主对视.....,素材1：女主震惊女反拿出的方案竟然和自己的一样，并且被女反诬陷抄袭。 素材2：发现怀孕后，女主决定去父留子，要和男主结束契约关系.... 素材3：女主遭遇暗杀，男主调动全称势力护妻，差点暴露马甲被女主发现....,通过,通过,通过,不通过
182,以爱为杀,大女主,故事起因：意外复明的女主高兴的想要跟老公分享喜悦，却撞破丈夫与保姆苟且。愤怒的女主决定让他带着保姆净身出户。老公一句： “反正所有的一切都是我们孩子的。”震惊发现自己的孩子竟然被调包。复仇之火瞬间燃起，女主决心让这对男女付出惨痛代价，找回自己的孩子。 女主找到暗脉家主（男主）合作，男主起初嫌弃她精于算计，拒绝了她。但男主儿子误食虾片过敏时，女主救了孩子，男主勉强答应帮她 3 次。 反派怀疑女主复明，极限试探。男主多次英雄救美.... 主角主要目的：女主要让出轨的赘婿老公付出代价。男反想要吃女主的绝户。 经历阻碍事件： 1-处在弱势的女主要继续装瞎，被反派怀疑复明，不断用极端手段试探。 2-女主身处险境想要反败为胜，要联手男主艾伦，被拒绝，被误认成心机深沉的女人 3-女主知道自己孩子没死，即将要认回自己孩子的时候被女反顶替了身份,男主，M国暗脉家主，性格腹黑。误以为女主是心机女，前期各种瞧不上。后期逐渐被女主的坚韧打动爱上女主。 女主，结婚后被男反设计车祸失明，意外复明后发现自己沉浸的幸福都是假象。老公早就和保姆勾搭在一起，两人用他们的孩子李代桃僵自己的。女主决心报复。 男反，装深情，贪图路女主财产，用自己和保姆的孩子诓骗女主。 女反，恶毒，嫉恨女主。,女反在女主的牛奶中下药，女主喝下后晕倒，女反说着“去地下跟你的儿子团聚吧。”拿着绳子靠近女主，使劲一勒，女主脸色逐渐通红，潜意识挣扎起来却无力反击.....,素材1：女主意外复明，满心欢心要告诉老公却发现他和表妹睡在一起，还商量着怎么弄死自己。 素材2：被医生告诉一直吃毒药的女主转头就发现孩子被调包成丈夫金额小三的... 素材3：相爱的男女主即将要因为儿子相认，却被女反冒名顶替了生母的身份...,不通过,通过,不通过,通过
183,顾总别虐了，夫人她已经二婚了,虐恋,故事起因：从高中起就是男主舔狗的女主，在结婚6周年纪念日被喝醉的男主叫错名字，女主惊觉自己不过是女反替身。想到高中时男主曾经帮助过自己的一点温暖，女主决定给男主最后3次机会。 1.在女反羞辱女主还故意摔倒诬陷女主的时候，男主不听女主解释将女主推倒撞墙。2.女主满心欢喜想要分享自己怀孕，女反拿剪刀迫害女主摔倒，女主下体流血求男主救自己却被男主一脚踢开导致流产。3.男主纵容女反欺负女主：用冷水泼女主且让她脱光离家，女主晕倒路边被助理搭救男主污蔑女主是红杏出墙。 用尽3次机会的女主毫不犹豫的选择离婚。根本不相信女主会真的放弃自己的男主继续拉仇恨。 在女主当众亲吻别的男人后，男主终于相信女主已经不爱自己了，回到家中，下意识喊女主，睡到一半自然想要拥抱隔壁却发现女主不在的时候，男主开始追妻火葬场.... 主角主要目的：女主付出全部报答男反获得他的爱。女反想要上位。 经历阻碍事件： 1-满心欢喜准备周年纪念日，却被老公抱着叫错名字，想要放弃这段感情却想到高中之时男主的帮助，选择给他3次机会.... 2-女反炫耀自己和男主亲密，在男主过来的时候假摔陷害女主，男主怒斥女主，并推女主撞墙... 3-女主想要高兴分享自己怀孕的消息，却被女反陷害，并且被男主一脚踢到流产。,女主：与男主相识3年，结婚7年。深爱着丈夫。面对丈夫的背叛，想到高中时期男主的救命之恩，选择再给他3次机会。 男主：女主丈夫，校草，多年习惯了女主的付出逐渐变得理所当然，不知感恩。在女主离开后幡然悔悟的时候一切已经太迟了。 女反，小太妹，辍学滥交，装清纯。贫穷很多年后，再遇高中之时的男主，被男主的豪气震惊，记恨女主享受了自己一切，想要取而代之。,男主用小恩惠让女主让出自己的珠宝设计图给女反，在女主勉强同意后却被女反一个电话叫走，女主毫不留恋的收拾行李，放下离婚协议离开，男主却推门进来撞见，男主震惊....,素材1：女主精心准备的纪念日，男主不耐烦的全部毁掉，在两人亲热时叫错名字... 素材2：女反冷水泼女主，并让女主净身出户，男主一脸冷漠的看着.... 素材3：女反认出高中时期的男主后震惊于他竟然如此豪富，决心曾经失去的一切，陷害女主摔倒，下体流血，男主赶来发现...,通过,通过,通过,通过
184,入狱四年后，假千金她杀疯了,/,故事起因 女主作为秦家养女，四年前被秦家真千金女二栽赃盗窃瑞梵诗藏品。秦家人为攀附陆氏，逼女主顶罪入狱。出狱当天，秦家人假意接女主回家，实则在媒体前立宽容人设，被女主当场揭穿，称四年前就已经和秦家签了断亲书，和秦家毫无关系。女主在狱中认了一个大佬为徒，大佬给女主许了一门婚事。出狱后，女主按照约定嫁给了陆氏私生子男主，男主外表不学无术，放浪形骸。实则暗藏权势。女足回到秦家，却发现自己所有的东西都被扔了，奶奶留给她的遗物也不见了。秦家人羞辱女主，扔钞票给女主，女主将钞票撕毁，甩回给女二。女主住进了大佬指定的房子，住进后才发现是男主的房子。男主隐瞒自己的身份，称自己只是一个司机。男二与女主原来有婚约，后来女主入狱后，婚约给了女二。男二让女主做他的情人，女主拒绝。恼羞成怒后，找黑衣人拍女主的不雅照。女二看到男二联系黑衣人的短信，加码让黑衣人羞辱女主。女主进入黑市找奶奶留下的手镯，没有找到，在返程路上遇到了黑衣人，黑衣人围堵女主，即将得手之际，男主赶到救女主。 主角主要目的 找到奶奶留下的遗物 经历阻碍事件 1.女二的阻拦 2.男二设计陷害女主,"""男主 顾氏私生子 表面不学无术 实则暗藏权势 奉命与女主闪婚 与女主结婚后 在女主面前隐藏身份 女主 秦家养女 被秦家送进监狱后与秦家断亲 在监狱拜师 后奉师傅之命与男主闪婚 MCN品牌创始人 有身份马甲 女二 秦家亲生女儿 诬陷女主 让女主入狱。取代女主得到和男二的婚约。 男二 脚踩两条船 婚约由女主换成女二后 仍与女主纠缠不清 对女主死缠烂打""",一卡：女主在黑市遇到黑衣人 黑衣人试图羞辱女主 危急之际男主赶到,吸睛事件 素材1 女二诬陷女主偷窃 女主与秦家断亲 顶罪入狱 素材2 女主在监狱受尽欺凌 被打得半死时被大佬救下 大佬同意收女主为徒 前提是女主出狱后履行一段婚事 素材3 女主在黑市遇到黑衣人 黑衣人试图羞辱女主 危急之际男主赶到",不通过,通过,不通过,通过
185,新婚老公不孕不育 我却怀孕了,/,"""故事起因 女主是夏家养女，小时候被夏家收养。女主看似身份低微，实则是意外走失的首富千金。因为妹妹不愿意嫁给失去生育能力的男主，设计让男主和女主发生了关系。两家为掩盖丑闻，逼迫女主替嫁。婚后，婆婆嫌弃女主只是个养女，身份低微。女主在顾家受尽婆婆和小姑子的虐待，男主对女主也漠不关心，女主的地位连佣人都不如。面对婆婆对女主的刁难，男主置之不理，女主心灰意冷提出离婚。却意外晕倒，送到医院后被告知怀孕了。婆婆认定孩子不是男主的，是野种。男主虽然怀疑，但还是安排了亲子鉴定。女主被软禁，婆婆和小姑子每天给女主送馊掉的饭菜。女主趁夜逃跑但被抓回，婆婆强行带女主去医院打胎。女主打胎被妹妹撞见，妹妹转头告诉了男主，男主赶到手术室，女主打晕了护士已经逃了。女主假装清洁工想逃跑，却意外撞到了妹妹，妹妹刁难女主，不让女主走。男主撞见女主，将女主带走到东苑别墅。东苑别墅，阿姨诬陷女主买堕胎药，女主熬的汤里检测出堕胎药成分，女主被男主软禁。检测结果出来了，孩子不是男主的。婆婆骂女主出轨，与女主争执，羞辱女主，将女主推倒在地流血，关键时刻，女主亲生父母赶到。 主角主要目的 保住孩子 经历阻碍事件 婆婆和小姑子几次三番陷害女主 逼女主堕胎 男主对女主态度冷漠 亲子鉴定被造假 孩子不是男主的 面临被打胎的风险""",男主 顾家长子 因车祸丧失生育能力 与女主发生关系后和女主结婚 但对女主漠不关心 女主 夏家养女 走失的首富千金 被妹妹设计嫁给没有剩余能力的男主 却在婚后意外怀孕 被怀疑出轨 女二 夏家三小姐 与男主有娃娃亲 却因为男主没有生育能力 设计让女主顶替自己嫁给男主",一卡：检测结果出来了，孩子不是男主的。婆婆骂女主出轨，与女主争执，羞辱女主，将女主推倒在地流血，关键时刻，女主亲生父母赶到。,吸睛事件 素材1 男主丧失生育能力 女主替妹妹嫁给男主 素材2 女主怀孕 被怀疑是出轨了 被婆婆强行拉去医院堕胎 素材3 检测结果出来 女主怀的不是男主的孩子 女主在婆婆和妹妹的拉拽下摔倒流血 关键时刻女主父母赶到",不通过,通过,不通过,通过
186,诱她 一夜成瘾,/,故事起因 男主出车祸成为植物人，厉老夫人为了冲喜，想让男主娶女二，可女二被绑架，不知所踪。厉老夫人找到在厉家当护工的女主，女主与男主八字符合。女主外婆病重，厉老夫人答应免费为女主外婆治疗，女主暗恋男主多年。答应嫁给男主。男主在一月后苏醒，醒来想与女主离婚，却得知女主血型与女二一样，男主闭口不提离婚的事，女主成为了女二的移动血库。女二诬陷女主推她下楼致使女二残疾，女主入狱。探亲假，女主看望外婆，外婆病重命不久矣，女二急需输血。男主不顾女主的哀求，逼迫女主给女二输血，女主错失见外婆最后一面的机会。外婆临终前给女主一块玉佩，想告诉女主她的真实身份，却最终没能说出口。女主出狱当天，下起了瓢泼大雨，女主回到家已经湿透了，男主不知道女主出狱的日子，女主心灰意冷，提出离婚。男主拒绝，女主此时发现自己怀孕了，改变想法想再争取一次，但男主却说不希望女主怀孕，因为怀孕后就无法再给女二输血。女主为了保护孩子，隐瞒了自己怀孕。女主从男主家搬离，找了一份护工的工作，遇到了男二。男二孩子将女主认成了死去的妈妈。女主跟随男二去了海城。在海城遇险，几个男人踹向女主的肚子，女主下身流血，关键时刻男主赶到。 主角主要目的 保住孩子 经历阻碍事件 1.男主不想要孩子 2.女二设计陷害女主 3.女主出狱找不到工作 身无分文 ",男主 厉氏集团总裁 因车祸成为植物人后 被家人安排娶女主冲喜 女主 中医世家后人 走失后从小与外公外婆生活在一起 暗恋男主多年 嫁给男主后却被男主当成女二的血库 被女二冤枉入狱 出狱后却意外怀孕 女二 尹家千金，与厉家是世交，与男主有婚约 却因被绑架 错过与男主成婚 多次陷害女主 男二 裴氏集团掌权人 单身父亲 妻子因车祸去世 孩子因思念妈妈将女主认成妈妈 因此与女主产生羁绊",女主好心帮助一个老人，却被其陷害，老人和几个男人是一伙的，男人猛踹女主肚子，关键时刻男主赶到。,"""吸睛事件 素材1 男主出车祸成为植物人 女主因为冲喜嫁给男主 素材2 女二冤枉女主推她下楼 女主含冤入狱 素材3 女二急需输血 女主外婆即将去世 男主逼迫女主给女二输血 女主因此没有见到外婆最后一面""",不通过,通过,通过,通过
187,三寸人心不可量,大女主,女主是首富女儿，因跟渣男结婚和娘家闹掰，后误食假死药假死在家中，假死后才发现丈夫一家人跟她结婚只是为了她娘家的钱。而她丈夫，早就跟闺蜜偷情甚至有了孩子。渣男他们甚至在女主假死后，算计她娘家财产。,男主：某集团继承人。跟女主是恋人，但因为女配的挑拨，两人感情出现间隙，男主赌气出国。 女主：首富千金，因嫁给渣男跟家里决裂，五年都没跟家里见面。 男二：渣男，设计跟女主结婚，打算吃绝户。 女二：女主闺蜜，跟渣男搞在一起并且有个儿子。,闺蜜渣男谎称他们的私生子是女主的孩子，女主爸爸认下孩子，躺在棺材里的女主睁开了眼,素材1：女主误食假死药假死后，发现渣男他们一家真面目。女主又悔又恨，想醒来但一直无法苏醒，闺蜜得知女主死了，各种虐打女主求证是否死亡，确定女主死亡后，渣男闺蜜预谋借女主假死拿到女主爸爸的钱。 素材2：渣男他们给女主举办葬礼，在女主父亲来的时候假装哭得很伤心，还谎称私生子是女主的儿子，躺棺材里的女主听到渣男他们的话，想要告诉父亲真相，但一直无法苏醒，在父亲认下私生子，并且要将家产给私生子继承时，女主睁开了眼。 素材3：假死的女主即将被推去火化，但因为男主的出现，推迟到第二天。终于，假死药效减弱，女主从棺材里走了出来，本来要收拾渣男贱女，结果身体因药效原因还不能身体自由活动，女主再次昏倒时被男主带走。隔天，渣男他们利用女主父亲对女儿的愧疚，各种算计父亲谋利。,不通过,通过,通过,通过
188,以她之名,大女主,女主被女配毒害毁容，甚至被夺走留学机会，她整容成男主已死妻子的模样复仇。,男主：珠宝公司总裁 女主：珠宝设计师 女二：千金小姐，深爱男主一心想成为他妻子。,女配用高浓度芒果汁想让男主妻子过敏而死，殊不知女主并非男主真正妻子。但女主没有表现出过敏症状就会被发现身份是假的，她躲进卫生间想办法，关键时刻门被女配和男主推开。,素材1：女主一家被女配搞得家破人亡，关键时候被中毒已深的男主妻子救下，并整容成男主妻子模样，男主妻子拜托女主利用她的身份复仇女配。 素材2：女配归国生日宴，男主正给女配庆祝，出国两年的女主顶着男主妻子的脸霸气归来。女配震惊，明明两年前就该被她毒死的男主妻子竟然活生生出现在这。女配怀疑女主身份，各种试探，都被女主应付过去。而在女主设计下，女配顶替上学、能力造假的真相浮出水面。女配狗急跳墙，找到女主生母，女主身份即将暴露。 素材3：女主躲过女配一次次的试探，而女配在女主设计下陷入抄袭风波。女配身败名裂时，拿到女主亲子鉴定报告，欲揭穿女主身份。,通过,通过,不通过,通过
189,真假宋小姐,大女主,女主本是宋家真千金，但她二十岁生日时，女配设计让宋家误以为女主是假千金。在女配的各种离间下，女主被家里人误会厌弃。后女配打碎赵太太价值连城的陪嫁花瓶，污蔑到女主头上，女主被迫去首富家当佣人三年，伺候传闻中变态虐待狂男主。三年后家人来接女主，是因为女配患病，需要女主的肾脏。,男主：首富，传闻中的变态虐待狂。患癌，在女主照顾下成功治愈。 女主：宋家真千金。 男二：女主哥哥。对女主有悔恨但不多。各种偏向女配。 女二：假千金。得知自己跟女主同一年生，不甘贫穷生活，设计让宋家相信她是真千金。,被绑在手术台上的女主即将被挖肾，关键时刻男主赶到。,素材1：女主因被污蔑打碎赵夫人的陪嫁花瓶，被亲哥鞭打，送去赵家给变态男主当三年佣人。殊不知男主不但不变态，还是个绅士，救赎女主跟女主结了婚，女主成为首富太太。三年后，女主原生家庭利用女主在意的奶奶，将女主诓骗过去，女主被绑到医院挖肾，关键时刻男主救场。 素材2：女主原生家庭不信女主嫁给了首富，以为女主勾搭了富豪老男人，但因无法让女主帮他们获利，就想法子将女主嫁给他们的合作伙伴。 素材3：后来哥哥等人发现女主才是真千金，一切都是女配设计，哥哥家人后悔火葬场。,不通过,通过,通过,通过
190,出狱当天，世间再无我,大女主,女主被豪门父母接出孤儿院，她以为自己终于可以过上的幸福生活，可回家后才发现家里有个备受宠爱的假千金。假千金怕女主夺走她的一切，各种使手段离间女主跟家里人关系。女配失手将未婚夫妹妹推下楼，嫁祸给女主。法庭上，亲生父母偏心女配，删除案发监控。亲哥哥亲自做伪证将她送入监狱。女主入狱五年，在监狱中各种被欺辱，出监狱后，她决定远离这个家。,男主：总裁。女主孤儿院的朋友，后来被首富收养。 女主：真千金。 男二：女主哥哥。对女主有悔恨但不多。各种偏向女配。 女二：假千金。女主父亲的私生女，当年女主父亲故意把女主跟女配调换。,假千金生日宴上污蔑女主损毁她礼服，女主要求看监控证明清白。,素材1：女主在监狱被针扎，被灌喝马桶水，被几根木棍打断腿，甚至被挖掉肾脏。出狱后，女配的生日宴上，所有人都诋毁女主，女配诬陷女主推她，弄坏她的礼服，女主要求查监控证明清白。 素材2：女主要逃离地狱般的家被哥哥抓回来，女主因为身体原因昏倒，在医院检查后哥哥才知道女主身上有很多伤，知道女主被挖了肾。哥哥去查后才知道女主在监狱所受屈辱都是女配跟父亲所为。 素材3：家里人为了利益让女主代替假千金嫁给传闻中恶名远扬的男主，女主嫁过去才知道男主竟然是小时候孤儿院的朋友。在男主支持下，女主报复父母，并且成功证明自己清白。,通过,通过,不通过,通过
191,爱意满乡间,甜宠,女主因为父亲偏心，代替妹妹嫁给农场工人男主，但没想到男主竟然是本州最大农场主。而妹妹则加入落魄老钱家族，吃尽苦头。妹妹一家自持身份，看不起男女主，屡次挑衅羞辱女主，男主忍无可忍，亮出身份打脸，帮助女主分得家产，最终男女主相知相爱，妹妹遭到报应。,女主：真诚善良，努力自强 男主：表面是年轻农场工人，实际是大农场主，尊重女主 女配：抢走女主婚约的妹妹 男配：女配丈夫，落魄老钱家族少爷,男女配看到女主工人打扮干农活，嘲笑女主落魄穷鬼，男女配期待见到农场主夫人，女主一身华丽打扮出现惊艳打脸,1.女主在家被父亲偏心忽视，被妹妹抢走婚约，被迫嫁给农场工人男主，本以为男主是穷工人，没想到男主掏出一系列奢侈品珠宝送女主做新婚礼物，惊呆女主。 2.男女配去拜访农场主一家，看到女主在地里干农活，嘲笑女主穷鬼落魄，把女主推到泥地里，羞辱女主。结果宴会上女主华丽打扮出现打脸。 3.女配看到女主一身高定心生嫉妒，强迫女主脱下衣服，被女主揪住头发扇耳光。,通过,通过,通过,通过
192,叮，妈咪你的亲亲老公已上线,虐恋,男主女主意外一夜情然后失散，女主怀上男主孩子，六年后，女主为了给男主孩子治病，准备典当男主给她留下的戒指，典当行老板认出这是大名鼎鼎的男主的戒指，打电话找来寻找女主六年的男主，女主却因女2挑衅离开典当行，两人错过。之后女主意外入职男主公司当秘书，但喜欢男主的女2也在男主公司，处处对女主刁难，男主救场，在之后的工作生涯里，两人感情急速升温，男主也得知女主孩子是自己孩子，he。,男主：霸气男主，深情，六年前对女主一夜钟情，天生不近女色，只对女主有反应 女主：坚韧清纯女主。意外一夜后怀上男主孩子，独自抚养孩子 孩子：古灵精怪懂事小男孩 女2：女主的姐妹，处处看不惯女主，任职于男主公司，对女主百般刁难。,女主被女2刁难，男主救场后，看见女主手上的戒指，似乎认出女主就是自己一直在找的人,开篇女主卖戒指被典当铺老板看穿是男主要找的东西，通知给男主，男主得到消息，驱车赶往。但这时女2出现用嘲讽的手段赶走了女主，男主找人落空。女主跟儿子买点心过生日时接到男主集团的面试消息，女主去男主公司面试，遭到女2刁难，男主这时进门救场，看见女主手上的戒指，似乎认出女主就是自己一直在找的人,通过,通过,通过,通过
193,迟雪不负旧云深,大女主,女主本是黑帮教父的千金，但她一直不喜欢他父亲黑帮教父的背景，所以自己出去找工作，想要自食其力，最终成为了渣男的秘书。在渣男和女配的婚礼，女配逃婚。渣男到酒吧伤心买醉，女主上前安慰，女主因接到黑帮教父的电话离开一段时间，有个猥琐男盯上渣男，给渣男下了药，随后男主和女主发生关系，渣男清醒后执意觉得女主是个拜金女，就是为了爬上他的床给他下药。但没想到两个月后，女主发现自己怀孕，渣男也为了孩子跟女主隐婚，七年后，渣男的白月光女配带着一个孩子归国，再次联系女主，女主和女儿在家等待渣男回家，却始终等不到，女主彻底失望，决定离婚，萌宝却希望女主再给渣男三次机会，但一次次失望过后，三次机会用完，女主决心离婚，回归黑帮家族。,女主：黑帮千金，恋爱脑，对男主一见钟情，为了爱情付出七年。 渣男：总裁，自私高傲，看不起女主，对女儿的态度恶劣。 女配：渣男的白月光，拜金女，恶毒。 男主：黑帮教父的养子，女主名义上的哥哥。,1、女主什么时候离婚？ 2、女主的身份什么时候暴露？ 3、渣男什么时候后悔？ 4、渣男什么时候得知七年前的真相？,口播交代事件背景，随后跳转到七年后，女主和萌宝在等男主回来过生日，但男主却在陪白月光和白月光的儿子，女主失望想离婚，萌宝劝女主再给渣男三次机会，插入三次男主伤害女主的片段，最终女主提出离婚，回归黑帮家族。,不通过,通过,通过,通过
194,结婚五年，你说爱腻了,虐恋,女主在男主最贫困的时候选择和男主裸婚，男主许诺会爱她一辈子。五年后，男主的事业大获成功，公司上市。女主怀胎八个月，在公司上市的发布会上看到男主和女配相谈甚欢，心中不是滋味。随后女主得知，男主要和女配去别的城市旅游，却在这次的旅程中亲眼看到了男主出轨，彻底死心。在回家飞机上，遇到气流颠簸，女主因为颠簸大出血，男主和女配赶着去开股东大会，在女配的怂恿下，用自己的权势抢占女主作为孕妇最先下飞机的权利，导致女主流产失去孩子。女主最终被送医抢救，男主却在股东大会上激情发言。等他得知女主出事，赶去见女主，却等来的只有一份离婚协议。,女主：总裁夫人，怀有双胞胎，却因渣男导致流产。 渣男：总裁，犯了错误后，一直试图挽回婚姻。 女配：渣男的助理，试图勾引渣男，从而上位成为渣男的妻子。,女主在飞机上即将流产，男主听到了女主的声音。,女主和男主结婚，男主给女主带上结婚戒指，承诺会一辈子爱着女主。五年后，女主怀胎八月，在酒店看到男主出轨女配，女配明知道女主在场，还在暗地里挑衅女主。接在飞机上，因为气流颠簸，女主动了胎气大出血，需要紧急送医，而男主并不知道女主在飞机上，因为赶着去参加股东大会，用权势抢了女主优先下飞机送医的权利，却在下飞机的时候听到女主嘶吼着他的名字。男主听到女主的声音，想回头，却被女配忽悠离开。女主被送医抢救，男主却在股东大会上激情发言，等男主得知女主出事，赶去见女主，却等来女主的离婚协议书。,通过,通过,通过,通过
195,天才少女回归+明知故爱,大女主,婚礼现场，女主收到继妹传来的照片，发现自己的未婚夫和继妹睡在一张床上，而女主的父亲和继母拒绝参加她的婚礼，在绝境之下，女主独自登台，对在场的所有人宣布，取消婚礼。女主回到家质问女配，女配绿茶，故意装作被女主推入泳池，也把女主拉了下下去，女主未婚夫正好撞见，选择救下女配，也因为这场意外，女配获得读取女主心思的超能力。女主在病床上清醒后，决定参加全国设计大赛，比赛上，女配靠着抄袭女主的思路，设计出完美作品，被导师认出著名设计师的风格，女配顺势冒领女主著名设计师的身份，而女主被诬陷成抄袭，就在女主要被赶出去的时候，男主到场维护女主，并要求重新比赛，女主为了证明自己的身份和能力，跟女配斗智斗勇。,女主：隐藏天才设计师。 女配：小设计师，在落水后获得读取女主心思的能力。 男主：总裁，一直十分欣赏女主的商业巨头。 男配：女主的未婚夫，出轨女配，维护女配。,女主什么时候证明自己不是抄袭者？ 女主什么时候发现女配有读心术？,口播女主在婚礼上遭受未婚夫背叛，接女主被女配拉入泳池，女配获得超能力，接女主和女配在设计大赛上，女配提前交卷，诬陷女主是抄袭者，男主到场维护。,不通过,通过,通过,通过
196,我要找到你,虐恋,失明男主在疗养院跟女主结识，两人又因为疗养院大火而分离。三年后被父母找回的女主嫁给男主，但女主因为三年前那场大火失忆，早就忘记男主。恢复视力的男主苦寻女主，却不知道女主就是自己的新婚妻子。嫁给男主的女主，因为女管家的陷害，频频被男主误会，最后女管家甚至设计偷走男主送给女主的相认信物，冒领女主身份。,女主：之前是孤儿，疗养院大火后被亲生父母找回，失去记忆忘记男主。性格和善温柔。 男主：周氏总裁，性格冷漠暴戾，所有的温柔都给了失明时陪伴他的人。 女配：男主家管家，一直暗恋男主，嫉妒心强。 男配：男主助理。多次偷取商业机密，后跟女配联合想要弄死女主。,因女配陷害，男主对女主动粗时，送给女主的相认信物（手链）掉在地上，男主正好看过去。,素材1：女主跟男主疗养院相识，一场大火致使两人分离。三年后，被父母找回的女主嫁给男主。男主不知道的是，他苦苦寻找的心上人正是女主，而女主因为大火失忆也忘记了男主。因为女配的设计陷害，女主遭到虐打，男女主关系也变得格外紧张。后来，女配偷走男女主相认信物，冒充男主心上人身份登堂入室。 素材2：女主终于恢复记忆，然女配早跟男主助理打好配合，女主陷入危机，无法证明自己身份。,通过,通过,通过,通过
197,《云深不见鹿鸣》,虐恋,女主被女配陷害卖给老男人换钱，却意外和醉酒的男主一夜情，两人都没看清彼此。次日女主醒来逃离，回到合租房听到女配向老男人赔罪，得知真相，女主气愤和女配吵架，被赶出合租房，走投无路之下找到了一份女佣的工作，而这份工作正是在男主家里。与此同时，男主带着信物上门，女配冒领了一夜情身份，随后在男主家遇到女主，为防止真相败露，女配对女主百般刁难，希望女主能自己离开。,男主：黑手党教父，重情义，重承诺。 女主：男主家的女佣，坚韧顽强。 女配：女主的合租室友，冒领女主一夜情身份留在男主身边。,男主查到当晚的监控，质问女配骗他。,男女主一夜情； 女配冒领一夜情身份； 女主女配在男主家遇见，女配对女主的刁难羞辱，男主到来，对女配的关心和对女主的漠视； 男主看到监控，愤怒质问女配。,通过,通过,通过,通过
198,因为你是我的眼,虐恋,男主因为意外失明，被家族抛弃丢到孤儿院，女主也因为母亲去世，父亲另娶而被赶去孤儿院。男主被孤儿院的人欺负，女主保护男主，两人相依为命，后相爱（在此期间两人改了名字，所以不知道对方真名）。后男主家因为后继无人要找回男主，还给男主安排了联姻对象，但男主为了女主而拒绝。怎料男主遭遇车祸，需要钱救治，女主为了救男主，答应替心所有属的妹妹替嫁到男主家（当时还不知道嫁得人就是男主），女主还将眼角膜捐给了男主。手术过后，女主变成瞎子，男主重见光明，收到女主的信，以为女主抛弃自己（女主故意的，觉得自己嫁人了不想耽误男主），心灰意冷接受联姻安排。婚后，女主生下男主的孩子，男主则以为女主生的是野男人的孩子，两人展开一场虐恋。,女主：不受宠的富家千金，深爱男主 男主：双目失明的少爷，深爱女主 女配：一心想上位的富家千金，和男主家是世交,女配声称女主女儿是野种，要将女主女儿赶走，女主为了保护女儿被欺负。男主出现，女儿认出男主身上有女主说过，男主给她的信物，认出男主是自己爸爸，哭着抱住男主叫爸爸，求他救救女主,素材一：女主难产，医生护士让打电话通知男主，护士说男主的助理表示，男主说孩子不是他的，不用费力抢救，死了直接火化 素材二：女主躺在手术台上回忆，男主车祸陷入危机，女主打电话求助男主爷爷，但男主爷爷因为男主为了女主放弃联姻而不肯救男主，女主走投无路，只能去求家里人，答应心有所属的继妹嫁到男主家。出嫁前，女主捐给男主自己的眼角膜，又为了让男主放下自己，而留下一封绝情信 素材三：男女主新婚十个月都没见过面，男主得知女主生了一个女儿，决定去见见这个不安分的新婚妻子。两人争执之间，女主身上掉出了男主给女主的信物,不通过,通过,通过,通过
199,命中注定遇见你,虐恋,男主遭遇车祸陷入昏迷，双腿残疾，被家族丢弃，又被未婚妻和亲弟弟背叛，从此封心锁爱，营造出自暴自弃，性格阴森的假象暗中计划报复。女主母亲生病住院，为了钱来给脾气古怪的男主当保姆，得知男主的经历后，决定帮助男主，最终救赎男主，两人修成正果,女主：母亲患病，心地善良，阳光开朗，心疼男主的遭遇，一直致力于救赎男主 男主：意外残疾，装颓废其实暗中计划报复，被女主感染慢慢变得没那么孤僻和偏激,男配女配婚礼现场，男配找来女主亲戚，骗女主她母亲快死了，女主为了见母亲最后一面，丢下男主赶去医院（男主主动让女主去的）。之后男配派人对落单的男主下手，女主在车上察觉到不对劲，想赶回去时，接到父亲电话，女主母亲真的不行了，要女主快来见最后一面，女主开始纠结到底去哪里,素材一：女主来到男主家应聘保姆（闪回女主在医院照顾生病的母亲时，被男主母亲看中，邀请她来自己家试试应聘保姆）。女主刚到门口，就看到几个人逃窜着和自己擦肩而过，后得知是同样来应聘保姆的。女主好奇男主是什么人，见到男主后发现男主坐在轮椅上，形象邋遢，脾气古怪。男主赶走女主，女主却迎难而上，打算帮男主收拾一下，却不小心被地上的杂物绊倒，摔在男主身上，手还按在男主的隐私部位上 素材二：男配和女配来找男主，说两人要结婚了，让男主到时候记得出席婚礼。女配假惺惺道歉，被男主嘲讽，男配说是男主自己不中用，还说起自己被身为男主弟弟，被男主打压多年，家族的继承权和女配本来就应该是自己的。女主看不下去，表示男配真有本事，就不用等到男主出事才来落井下石了。男配生气要打女主，男主抓起桌子上的相框砸向男配 素材三：男主偷听到女主和弟弟谈话，得知女主母亲重病急需用钱，弟弟趁机想要拿钱买通女主，让女主害男主，女主面对选择陷入沉默,通过,通过,不通过,不通过
200,原谅他99次,虐恋,女主和男主相恋七年，从校服走到婚纱，因为深爱男主，为了男主放弃工作，付出一切并未得到男主的珍惜，在原谅男主第99次之后，女主下定决心离婚，开启新生活。男主则是失去女主后，才追悔莫及，追妻火葬场,女主：男主前妻，深爱男主，为男主付出一切却被辜负，最终心灰意冷离开男主 男主：女主前夫，和女主相爱过，但被惯坏了，觉得不论怎么样女主都不会离开自己,女主男配，男主女配，四人修罗场。女配挑拨离间，让男主误以为女主是为了男配才和自己离婚，女主为了不被男主纠缠，谎称是自己出轨了男配,素材一：女主盛装打扮去找男主，以为男主打算给自己过结婚纪念日，到了现场却发现男主在给女配过生日，甚至原本以为要送给自己的礼物，也是送给女配的 素材二：男主和女配被起哄接吻用嘴传递纸巾，女主不准，男主还是坚持这么做，女主心灰意冷，提出离婚 素材三：男主觉得女主只是在闹脾气，自己根本不用哄，回家却发现女主已经准备好了离婚协议书，并签下了自己的名字,不通过,通过,不通过,通过
201,情书来自五年后,虐恋,女主和男配在二十岁相恋，男配带着女主去见家长，但男配的小叔（男主）对女主恶语相向，觉得女主是个拜金女，女主气愤下逃离现场，却在走出门后出了车祸，时空穿越到了六年之后，她醒来发现自己躺在自己男朋友的小叔（男主）身旁，房间内摆着婚纱照。在不断试探男主后，得知她已经和男主已经结婚五年年，随后还得知他们两人有一个四岁半的孩子，女主想不明白自己为什么会和男朋友的小叔结婚，于是开始调查当年的真相。,男主：总裁，男配的小叔，冷静沉稳。 女主：总裁夫人，本来是男配的女友，六年后莫名其妙成为了男主的妻子。 男配：女主的前男友。 女配：千金大小姐，爱慕男主多年。,一卡卡点：女主得知她和男主之间有个儿子。 全剧钩子：六年前真相到底如何？,女主和男配一起去见家长，男主身为男配的小叔，对女主恶语相向，威胁女主离开男配。女主生气冲出门，却出了车祸，接女主经过时光穿越，到了六年之后，女主清醒后，发现自己已经和自己的男朋友的小叔结婚，甚至还生了一个四岁半的孩子，接宴会上，女主再次见到男配，想去询问男配当年到底发生了什么，却被男主阻拦。,不通过,通过,通过,不通过
202,候鸟停在谎言季,大女主,女主本是豪门千金，隐婚和渣男结婚。一天，女主被人绑架，被打断双腿，毁掉芭蕾舞梦想。在女主送医后，才得知这一切都是自己的丈夫策划的一切，目的就是让他的白月光在芭蕾舞大赛上获得冠军。渣男又买通医生试图让女主的手术失败，让女主彻底残疾，女主得知真相后，决心和渣男离婚，并报复渣男。男主这时到场，救下女主，而三个月后，芭蕾舞大赛，女主假装残疾参加参加芭蕾舞大赛，受到各种冷嘲热讽，女主最终在轮椅上站起来，打脸渣男女配，获得冠军，渣男和女配震惊。,女主：天才芭蕾舞舞者，隐藏的千金大小姐。 渣男：小资产公司总裁。 男主：女主的青梅竹马，也是女主之前的联姻对象。 女配：渣男的白月光，芭蕾舞舞者。,一卡钩子：女主到底有没有残疾？ 全剧钩子：女主的千金马甲什么时候掉？渣男和女配什么时候后悔，什么时候受到惩罚？,口播介绍：女主是一名出色的芭蕾舞者，但女主的丈夫为了让他的白月光在大赛上获得冠军，找人打断了女主的腿。接女主的腿被绑匪打断的场景，被送到医院后，女主亲耳听到渣男贿赂医生，要求让女主的手术失败，让女主永远残疾，女主痛恨渣男，回想起自己当年隐藏千金小姐的身份，这时男主出现救下女主。,通过,通过,通过,通过
203,雾尽，见情深,甜宠,女主六年前和出轨的男主离婚，被小三算计只能净身出户带着女儿生活。六年后，女儿生日当晚，女主收到男主电话，说自己破产了，请她收留自己。女主为了女儿而心软同意，没想到这只是男主打错电话的一场测试。另一边，男主决定将错就错，用同一件事测试两个人，却意外得知了小三的真面目，打算重新追回女主,女主：深爱男主，早就知道男主出轨，但因为爱一直忍，直到经历被抛弃、女儿病重男主却不管不顾……对男主心灰意冷 男主：渣男，和女主结婚后被初恋蛊惑，以为女主出轨了男配，为了报复女主而出轨初恋和女主离婚。在得知真相后，又费尽心思想要追回女主 女配：男主初恋，冤枉女主心里有别人，引诱男主出轨报复女主,男主得知女主和女儿打算出国，追到女主家，电话打不通，敲门也没有人应。男主想到当年自己和女主相处的点点滴滴，发觉自己原来还深爱着女主，追悔莫及时，面前的门开了,素材一：女主和女儿一起庆祝生日，女儿期待能接到男主电话，男主真的打来了，却是说自己破产了，欠了很多钱，问女主能不能收留自己？女主为了女儿同意，还发了地址。另一边，男主挂了电话，却发现自己打错了电话，朋友让男主索性试一试女主，看看女主是不是真的对自己死心塌地 素材二：男主发现女主和女儿的日子过得很差，质问女主自己当初给女主的钱花到哪里去了，不会是拿去养野男人了吧？女主说当年不是男主派小三来羞辱自己，还让自己净身出户吗？男主震惊，觉得女主在冤枉小三，和女主吵了一架，结果吓得女儿心脏病发，这才知道女儿竟然有心脏病，而且当年还差点因为没钱救治死掉。男主不信，还提到男配（男主被小三蛊惑以为女主出轨的人）在两人离婚之后突然发家，觉得是女主把自己给的钱拿去贴补男配了 素材三：男主去试探小三，被小三赶走，还知道了当年的真相。女主没有拿到钱，甚至女主由头至尾都没有出轨，男主追悔莫及，又接到女儿说，女主将要带自己出国的告别电话,通过,不通过,通过,通过
204,别有用心的妻子,大女主,女主跟女2是姐妹，女2是被女主妈妈收养的孩子，抢了女主的首富儿子姻缘，还害的女主母亲进icu，女主气不过，直接勾引首富，发誓要当女2婆婆，女主成功得逞，与首富相爱，在女2婚礼当天让女2、渣男对自己磕头叫妈……一起嫁到首富家里的姐妹俩斗智斗勇，而在这之中女主也对首富产生真感情，两人he。,女主：精明优雅女主，有坚韧不拔的生命力 男主：年上成熟总裁爸爸类型首富男主 女2：被女主母亲收养的妹妹，恶毒，自尊心过强，为达目的不择手段女2。掌握了男2过失杀人证据以此要挟男2娶自己。 男2：懦弱窝里横首富收养的儿子男2，原本是女主未婚夫，但抛弃了女主娶了女2。初期对女2有真心，与女2狼狈为奸。,女2与女主在茶具店里针锋相对，女2抢夺了女主茶具要送给“婆婆”。结果万分拜托送礼上门时，女主从男主家里快要出来，女2似乎即将得知女主身份被打脸,开篇交代女主本来要跟首富儿子男2结婚，但女2抢走男2还将两人的母亲气进ICU，女主发誓要跟首富结婚当女2婆婆用这层身份治一治女2。之后女主故意接近首富，勾引首富并且成功。女主女2在同一家茶具店相遇，女2对女主讽刺，说买茶具是为了送给自己婆婆，女主一笑说希望女2婆婆会喜欢。隔天，女2拿着礼物上门时，女主以女2婆婆身份登场。适合日韩市场。,通过,通过,通过,通过
205,契约之爱,甜宠,女主是一个普通的大学生，因家境困难不得不打工来维持学业。男主是一个高冷的富二代，外表冷酷却内心温柔。两人在一次偶然的机会下相遇，男主对女主产生了好感，提出以假结婚的方式帮助女主解决经济问题。随着时间的推移，女主发现男主其实是一个善良的人，而男主也在女主的影响下逐渐敞开心扉，二人之间的感情逐渐升温。最终，男主在面对家族压力时选择了支持女主，两人携手共度难关。,男主：富有且冷酷的富二代，外表高冷但内心善良，愿意为爱付出。女主：坚强独立的大学生，勇敢面对生活的压力，不轻易接受别人的帮助。女二：男主的青梅竹马，心机深沉，试图破坏男主与女主的关系，制造误会。,一卡：女主在学校遭遇男二的恶意欺负，男主恰好出现，将女主从困境中救出，令两人感情迅速升温。,,通过,通过,通过,
206,逆袭女王，甜蜜复仇,甜宠,故事起因：女主是一名在公司里默默无闻的小职员，却被高高在上的总裁男主看中，男主以“契约恋爱”的方式来帮助女主逆袭。男主的真实身份是隐藏的富豪，而女主的初恋渣男在公司里也是个小主管，常常对女主进行言语侮辱。主角主要目的：女主希望通过男主的帮助，提升自己的职场地位，并复仇渣男。经历阻碍事件：1-女主在职场上遇到各种刁难，男主出手相助却被误解为在利用女主；2-女主与男主的关系被渣男发现，渣男对女主进行威胁；3-女主逐渐对男主产生真感情，但男主却因为身份问题而犹豫不决。,男主：高冷总裁，外表冷酷，内心温暖，深爱女主但不善表达；女主：勇敢坚韧，敢于追求自己的梦想，性格独立，但在感情上有些迷茫；女二：总裁的青梅竹马，心机婊，暗中想要破坏女主与男主的关系，争取复合。,女主在一次公司聚会上意外揭露了男主的真实身份，震惊了所有人，而女主也因此被渣男当众羞辱，男主此时挺身而出，宣布对女主的支持。,,通过,通过,通过,
207,《契约之爱：高冷总裁的独宠》,甜宠,女主是一名普通的大学生，因家庭变故被继母逼迫，面临经济危机。一次偶然的机会，她在咖啡厅遇见了男主——一位冷酷无情的总裁。为了帮助女主渡过难关，男主提出假结婚的契约关系，表面上是为了利益，实则暗藏情感的升温。在相处中，女主的坚强独立吸引了男主，最终两人从契约变成了真爱，携手面对生活的挑战。,男主：高冷总裁，外表冷峻内心温柔，深藏情感，默默保护女主；女主：坚韧独立的大学生，拒绝被动接受帮助，勇敢面对生活的压力；女二：男主的青梅竹马，心机重重，一直想要拆散男主和女主，制造种种误会和危机。,一卡：女主在男主的公司被继母派来的刁难，面临被解雇的危机，男主突然现身，提出要与女主签订契约结婚，震惊众人。,,通过,通过,通过,
208,逆袭女王的华丽转身,大女主,女主小雨因父亲的生意破产，隐瞒自己是豪门千金的身份，嫁给了男主杰克。婚后，杰克因事业成功开始嫌弃小雨，认为她拖累了自己，于是提出离婚。小雨离婚后，恢复了自己的高身份，成为一名成功的时尚设计师，开始打脸曾经看不起她的人。杰克后悔不已，试图挽回，但小雨已经不再是当初那个依附于他的女孩。与此同时，男二李明对小雨产生了好感，支持她的事业，并在关键时刻帮助她揭露了杰克的真面目，最终小雨选择了自己的事业与独立。,女主：小雨，隐忍坚韧的豪门千金，深爱过男主，后期为事业打拼；男主：杰克，事业有成却因白月光而误解女主，后期悔恨不已；男二：李明，支持女主的事业，给予她温暖和鼓励，成为她的新伴侣；女二：安娜，男主的白月光，妒忌女主的成功，试图破坏女主的事业。,小雨在时尚秀上揭露了杰克与安娜的阴谋，正准备揭示自己的真实身份时，杰克闯入现场，众人期待着真相的揭晓。,,通过,通过,通过,
209,爱恨交织的替身,虐恋,女主因家庭变故成为孤儿，被迫成为男主的替身，代替他心爱的女人出现在他身边。男主因失去未婚妻而冷酷无情，开始对女主进行精神上的羞辱与折磨。随着时间推移，女主的坚韧与善良逐渐打动了男主，男主开始对女主产生复杂的情感。然而，男主始终无法承认自己的感情，误会重重，女主也因怀孕而不得不承受更大的痛苦。最终，男主在一次意外中得知真相，后悔不已，决心追妻火葬场，试图弥补对女主的伤害。,男主：疯批权贵，外表冷酷偏执，内心深藏对女主的爱与愧疚；女主：美强惨，坚韧不屈的孤儿，努力在逆境中生存，内心充满对爱的渴望；男二：温柔体贴，对女主真心相待，成为女主的依靠，男主因此产生误会；女二：男主的未婚妻，因家庭利益与男主成婚，对女主造成极大压力，成为故事的反派。,男主在一次聚会上意外发现女主的怀孕，误以为是男二的孩子，愤怒之下对女主进行羞辱，女主忍无可忍，决定揭开真相，然而她的决定将彻底改变两人的命运。,,通过,通过,通过,
210,逆袭女神,大女主,女主小雨是一名普通的设计师，因深爱的男友李明而放弃了自己的高管职位，甘愿陪伴在他身边。然而，李明在事业有成后开始嫌弃小雨，选择与白月光在一起，并与小雨分手。小雨心灰意冷，回到家族企业，恢复了身为豪门千金的身份，凭借自己的才华和能力，迅速崛起。最终，她不仅打脸了李明和白月光，还赢得了新男主的心。,男主：新男主张伟，初见小雨时对她的才华赞赏有加，后期成为小雨事业上的得力助手。 女主：小雨，豪门千金，因爱而甘愿放弃身份，后期逆袭成为设计界的女神。 渣男：李明，起初深爱小雨，但在事业成功后背叛了她。 女配：白月光，李明心中的完美女神，最终被小雨的实力和魅力打脸。,小雨在时装周上意外揭露了李明与白月光的真面目，准备让所有人见证她的逆袭时刻。,,通过,通过,通过,
211,《契约之爱：总裁的秘密救赎》,甜宠,女主小雨是一名刚毕业的大学生，因家庭经济困境，被继母逼迫去找工作。一次偶然的机会，她遇到了男主陆辰，一位高冷的总裁。为了帮助小雨解决生活中的困境，陆辰提出了契约恋爱的提议。随着两人之间的互动增多，小雨的坚强和独立逐渐打动了陆辰，而陆辰也在保护小雨的过程中重新找回了对生活的热情。最终，两人携手面对继母和渣男友的压力，成功逆转了命运，收获了真爱。,女主：小雨，坚强独立的女孩，虽然面临家庭的压力，但始终不屈服于命运。男主：陆辰，冷酷总裁，内心温暖，隐藏着对小雨的深情。女配：继母，心机深沉，处处为难小雨；男二：小雨的渣男友，表面温柔，实则心狠手辣。,在一次意外中，小雨被渣男友陷害，正当她绝望之际，陆辰及时出现，揭露了渣男的真实面目，展现了他隐藏的强大背景和身份，让小雨对他刮目相看，二人感情由此升温。,,通过,通过,通过,
212,契约之爱,甜宠,女主是一名普通的职场小白，生活在一座繁华都市中，面临来自继母和渣男友的重重压力。为了逃避这些困境，她偶然间与高位男主，一位冷酷的黑帮大佬相遇。男主因某个原因需要一位假未婚妻来掩饰自己的身份，于是提出与女主签订契约。随着时间的推移，女主在男主的保护下逐渐成长，两人之间的感情也在不断升温。然而，继母和渣男友并不甘心，暗中对女主施加压力，男主决定站出来守护女主，最终两人携手共度难关。,男主：黑帮大佬，外表冷酷，内心温柔，身世背景复杂，深藏不露。女主：职场小白，坚强独立，拒绝被动接受帮助，勇敢面对生活的挑战。男配：女主的渣男友，狡诈阴险，时常给女主制造麻烦。女配：继母，表面和善，实则心机深沉，暗中操控女主的生活。,在一次高档宴会上，女主意外被渣男友羞辱，男主及时出现，冷酷地反击了渣男友，令全场震惊。女主意识到自己并不是孤单一人，而男主对她的守护正是她内心深处的渴望。,,通过,通过,通过,
213,契约情缘,甜宠,女主是一个刚毕业的普通职员，生活在城市的边缘，面临着继母的压迫和渣男友的背叛。在一次偶然的机会下，她救下了正在处理商业危机的男主，男主是一个冷酷无情的黑帮大佬。为了保护女主，男主提出假结婚的契约，表面上是为了互相帮助，实际上却在暗中守护她。随着时间的推移，两人之间的情感逐渐升温，女主也开始反击继母和渣男友的压迫，最终两人共同面对挑战，彼此救赎。,男主：黑帮大佬，外表冷酷，但内心温柔，善于保护他人，尤其是女主。女主：坚强独立的普通女孩，拒绝被动接受爱，努力奋斗，智勇双全。男二：女主的渣男友，狡诈阴险，给女主制造困扰。女二：男主的情敌，家境优越，试图拆散男主与女主的关系。,在一次商业宴会上，女主意外发现男主的真实身份，震惊之余却也感受到了一种莫名的吸引力。就在她准备逃离时，男主冷冷一笑，抓住了她的手，向全场宣布两人的假结婚关系，震惊了所有人，也让女主的心跳加速。,,通过,通过,通过,
214,《爱恨交织的替身游戏》,虐恋,女主身世凄惨，孤儿身份被家族抛弃，偶然成为男主的替身。男主是权贵，因家族安排与未婚妻订婚，冷酷偏执地囚禁和羞辱女主，表面上看似不爱她。随着剧情的发展，女主意外怀孕，男主在误会中对女主的态度开始转变，逐渐意识到自己对她的爱。男二对女主温柔体贴，男主因误会而心生嫉妒，最终在得知真相后悔不已，展开追妻之路。,男主：疯批权贵，外表冷酷，内心深藏对女主的爱，前期对女主施加压力，后期追妻火葬场；女主：美强惨，坚韧不屈，虽遭受男主的羞辱，却依然努力生活；男二：对女主温柔体贴，暗恋女主，因男主的误会而被牵扯其中；女二：男主的未婚妻，给女主造成压力，暗中与男主勾心斗角。,反转悬念：男主在无意中发现女主的怀孕真相，心中充满懊悔，意识到自己对她的爱，决心弥补曾经的错误。,,通过,通过,通过,
215,爱的囚笼,虐恋,女主是一个被家族抛弃的孤儿，努力打拼生活，却在一次意外中被疯批权贵男主囚禁。男主外表冷酷，实际上因家族的恩怨和自我内心的挣扎，逐渐对女主产生复杂的情感。男主的未婚妻为了争夺男主的心，施加各种压力，导致女主不得不在情感与生存之间挣扎。最终，女主怀孕，男主才意识到自己对女主的真实感情，但此时已为时已晚。,男主：疯批权贵，表面冷酷偏执，内心深处却对女主产生了难以承认的爱。女主：美强惨，坚韧不屈，虽然被囚禁，但始终保持着希望。男二：对女主关心备至，男主误会他与女主有暧昧关系，内心充满嫉妒。女二：男主的未婚妻，心机深沉，处处给女主制造麻烦。,反转悬念：男主在得知女主怀孕的消息后，回忆起两人相处的点滴，痛苦地意识到自己一直深爱着女主，却因误会与自尊心而伤害了她。,,通过,通过,通过,
216,爱与痛的边缘,虐恋,女主是一名孤儿，身世凄惨，被家族抛弃，努力奋斗却始终无法摆脱命运的捉弄。她意外成为男主的替身，在男主冷酷偏执的控制下生活。男主是权贵家庭的继承人，因一场误会，表面上对女主冷漠无情，实际上却因对她的深厚感情而痛苦不已。随着剧情发展，女主发现自己怀孕，面临着绝症的威胁，男主逐渐意识到自己的真实感情，最终在追妻火葬场的情节中悔恨不已。,男主：疯批权贵，外冷内热，前期对女主囚禁、羞辱，后期悔恨追求；女主：美强惨，坚韧不屈，遭遇命运捉弄，内心强大；男二：对女主温柔体贴，男主误会他与女主有关系，因而心生嫉妒；女二：男主的未婚妻，给女主造成极大压力，处处与女主对立。,男主在一个意外中发现女主的真实身份和怀孕的消息，心中震惊，意识到自己对她的爱，却为自己曾经的冷酷行为感到无比后悔，情感的纠葛即将展开。,,通过,通过,通过,
217,绝望的爱,虐恋,故事起因：女主是一名孤儿，因被家族抛弃而独自生活。她在一次意外中救下了男主，男主是个权贵，外表冷酷，但内心深处却隐藏着对女主的情感。男主因家族的压力，无法承认自己的感情，选择了囚禁和羞辱女主，表面上对她冷漠。随着时间推移，女主发现自己怀孕了，但男主误以为是男二的孩子，愈加偏执。主角主要目的：女主想要保护自己的孩子，寻找幸福。经历阻碍事件：1-女主被男主囚禁，无法逃离，男主却在内心挣扎；2-男二对女主关心备至，男主因误会而愤怒；3-女主的怀孕被揭穿，面临男主的冷酷和绝望。,男主：权贵公子，外表冷酷，内心复杂，前期对女主极为偏执，后期追悔莫及。女主：坚韧不屈的孤儿，心地善良，因爱而痛苦。男二：对女主温柔体贴，暗恋女主，成为男主嫉妒的对象。女二：男主的未婚妻，心机深沉，试图破坏男女主的关系。,在女主即将流产的危急时刻，男主终于得知真相，愧疚与悔恨交织，心中涌起对女主的真正情感，但一切似乎都已为时已晚。,,通过,通过,通过,
218,契约之爱,甜宠,女主因继母的逼迫和渣男友的背叛，生活陷入困境。一次偶然的机会，她在一家高档酒会上邂逅了男主，一个冷酷无情的黑帮大佬。男主被女主的坚强独立所吸引，提出契约恋爱，以此来保护女主并帮助她解决生活中的种种难题。在契约的过程中，女主逐渐了解到男主内心深处的温柔，两人从互相利用到相互依赖，最终实现了彼此的救赎。,男主：黑帮大佬，外冷内热，表面上冷酷无情，内心却深藏温柔，愿意为爱付出一切。女主：坚强独立的女孩，拒绝被动接受宠爱，努力抗争生活的困境，内心善良而勇敢。男二：女主的渣男友，阴险狡诈，一直试图利用女主。女二：男主的青梅竹马，心机深沉，暗恋男主并试图破坏男女主的关系。,在一次意外中，女主被渣男友逼到绝境，男主及时出现，救下女主，揭开了他隐藏的富豪身份，两人的契约关系也因此发生了微妙的变化。,,通过,通过,通过,
219,《爱在绝望中》,虐恋,女主是一名孤儿，从小被家族抛弃，经历了无数磨难，却依然坚韧不屈。她在一家高档酒店工作，意外邂逅了男主——一个冷酷偏执的权贵。他因为误会女主与男二有关系，开始对她进行囚禁和羞辱，表面上看似对她毫无感情。随着时间的推移，女主发现自己怀孕了，而男主也逐渐意识到自己对女主的情感。在一次意外中，男主得知女主的身世与怀孕真相，开始追悔不已，然而此时女主却因绝症而面临生死考验。两人的命运再次交织，男主决心救回女主，拼尽全力追妻火葬场。,男主：权贵，外表冷酷，内心深藏对女主的爱，经历反转后变得痴情。女主：美强惨，身世凄惨但坚韧不屈，怀孕后更显脆弱与坚强。男二：温柔体贴，对女主关怀备至，成为男主的情敌。女二：男主的未婚妻，给女主施加压力，试图阻挠男主对女主的追求。,男主在绝望中发现女主的绝症，愤怒地质问她为何隐瞒，女主含泪回应，真相即将揭晓，男主对女主的爱与恨交织，命运的转折即将来临。,,通过,通过,通过,
220,《逆袭千金的华丽人生》,大女主,女主是一个隐秘的豪门千金，因父母的反对而与真渣男分手。她在一段平凡的生活中默默付出，最终因一次意外恢复高身份，成为业界顶尖的设计师。面对曾经的渣男和瞧不起她的朋友们，女主一一打脸，展现出她的实力与魅力。,男主：真男主，女主的青涩邻居，默默支持女主，后期成为她的合作伙伴，帮助她重返事业巅峰。 女主：豪门千金，因爱情选择隐瞒身份，后期勇敢追梦，展现出独立与强大的自我。 男配：女主的前男友，真渣男，因追求利益而抛弃女主，后期被女主打脸。 女配：女主的朋友，曾看不起女主，后悔不已，成为女主的助力。,女主在一次盛大的时装秀上，意外揭开自己的身份，震惊全场，曾经瞧不起她的男配在众人面前失声，想要解释却被女主冷冷一笑打断，预示着她的逆袭之路正式开始。,,通过,通过,通过,
221,爱在黑暗中,虐恋,女主是一个身世凄惨的孤儿，被一个富有的男主收养。男主虽然表面上对女主冷漠，但内心却对她怀有复杂的感情。在一次意外中，女主被男主的未婚妻误会，导致男主对女主产生误解，开始对她进行精神上的羞辱。女主为了保护自己，假装与男二交往，男主因此更加愤怒，导致两人关系愈发紧张。最终，女主意外发现自己怀孕，而男主也逐渐意识到自己对女主的真正感情。,男主：富有的企业家，外表冷酷，内心深藏情感，对女主有着复杂的情绪。女主：坚韧不屈的孤儿，聪明而美丽，遭受过许多磨难，但依然努力生活。男二：温柔体贴的朋友，暗恋女主，但在误会中与女主的关系变得复杂。女二：男主的未婚妻，心机重重，利用男主对女主的误解来达到自己的目的。,男主发现女主的怀孕消息后，愤怒与心痛交织，决定找出真相，却在关键时刻被未婚妻阻止，导致误会加深。,,通过,通过,通过,
222,爱恨交织的替身,虐恋,女主是一名孤儿，在一个富豪家中做替身女佣，因长得与男主的未婚妻相似而被迫接受这种身份。男主是个冷酷偏执的权贵，因家庭原因对感情充满了不信任。女主在这个过程中渐渐爱上了男主，但男主却误会她与男二有暧昧关系，因而对她冷酷相待。随着剧情的发展，女主发现自己怀孕了，但因男主的误解和未婚妻的压力，她不得不选择隐瞒真相。最终，男主在得知女主的怀孕消息后，开始追求她，但此时女主已经被深深伤害，陷入两难的境地。,女主：坚韧不屈的孤儿，外表美丽却经历了无数磨难，内心渴望爱与温暖；男主：冷酷的权贵，因家庭原因对爱充满了误解，内心深处其实深爱女主；男二：温柔体贴的富家公子，暗恋女主，试图保护她；女二：男主的未婚妻，心机深沉，试图将女主排挤出局。,反转悬念：男主即将得知女主怀孕的真相，并发现自己其实一直深爱着她，内心充满悔恨，准备为自己的所作所为付出代价。,,通过,通过,通过,
223,爱恨交织，命运的捉弄,虐恋,女主是一个孤儿，从小被家族抛弃，生活艰难却依然坚韧不屈。男主是一个权贵，冷酷偏执，因父亲的病重而不得不娶男二的妹妹为妻，男主心中对女主的爱被误解为对男二的敌意。一次偶然的机会，男主误以为女主和男二有关系，开始对女主施加羞辱和控制，然而他内心深处却对女主产生了无法自知的情感。随着剧情的发展，女主发现自己怀孕，而男主在得知真相后，后悔不已，陷入了追妻的绝境。,男主：疯批权贵，表面冷酷偏执，内心深藏对女主的爱，后期为了挽回女主的心而拼尽全力。女主：美强惨的孤儿，经历了家族的抛弃和生活的磨难，性格坚韧，最终成为男主心中的唯一。男二：对女主温柔体贴，暗恋女主，但因误会与男主产生竞争。女二：男主的未婚妻，心狠手辣，为了维护自己的地位而对女主施加压力。,男主在得知女主怀孕的消息后，意外发现女主与男二之间的误会即将被揭穿，他的冷酷外表下藏着对女主的深切怀念与悔恨，最终决定放下一切追求女主的心。,,通过,通过,通过,
224,契约爱恋,甜宠,女主是一名普通的职员，生活在城市的底层，常常受到继母的压迫和渣男友的欺骗。在一次偶然的机会下，她遇到了男主，一个身家显赫的黑帮大佬。男主被女主的坚韧和独立所吸引，决定与她签订一份契约恋爱，帮助她摆脱困境。随着两人相处时间的增加，男主不仅在明面上保护女主，还在暗地里解决了她生活中的种种难题。女主在与男主的互动中逐渐发现了自己的价值，两人之间的感情也愈发升温。,女主：坚强独立的普通职员，拒绝被动接受爱情，努力改善自己的生活；男主：冷酷无情的黑帮大佬，内心温柔，默默守护女主；男二：女主的渣男友，心机重重，试图利用女主；女二：男主的青梅竹马，妒忌女主的存在，给女主施加压力。,在一次公司聚会上，女主因渣男友的挑衅而几乎崩溃，男主突然出现，出手保护她，震惊全场。聚光灯下，男主低声对女主说：“我会让你摆脱这一切。”,,通过,通过,通过,
225,逆袭女王,大女主,女主林雨馨原本是名门千金，但因家庭变故被迫隐藏身份，嫁给了看似温柔体贴的男主李明浩。婚后，李明浩因事业上升而开始嫌弃女主，最终选择了离婚。离婚后，林雨馨重拾自我，逐渐展现出自己在设计界的天赋，成为一名备受瞩目的设计师。与此同时，李明浩与他的白月光赵婉婷假装是完美情侣，但林雨馨通过自己的努力和智慧，揭穿了赵婉婷的真面目，反击了曾经看不起她的人，最终实现逆袭。主角主要目的：林雨馨如何一步步揭开自己的身份，并打脸曾经的反派与渣男。,女主：林雨馨，富家千金，因家庭变故而隐藏身份，个性坚韧，最终成为成功的设计师；男主：李明浩，起初深爱女主，但因事业心重而背叛，后悔不已；女配：赵婉婷，李明浩的白月光，表面温柔，实则心机深沉，最终被揭穿。,林雨馨在时装周的发布会上，偶然与李明浩相遇，她的设计惊艳全场，李明浩震惊于她的变化，而赵婉婷则因嫉妒而暗中使坏，林雨馨即将揭露她的真实身份，展开一场智慧与权力的较量。,,通过,通过,通过,
226,错位的爱,虐恋,故事起因：女主是一个身世复杂的孤儿，在一次意外中被男主的家族收养。男主因家庭压力与未婚妻的存在，对女主冷漠以对，表面上看似对她毫无感情。女主暗恋男主，却因男主的冷酷而不得不压抑自己的感情。在一次偶然的机会中，女主发现自己怀孕了，但却不知道孩子的父亲是谁。为了保护自己和未出生的孩子，女主选择隐瞒真相。主角主要目的：寻找真爱和自我救赎。经历阻碍事件：1-男主误以为女主与男二有染，心生嫉妒。2-女主因怀孕的事情受到男主未婚妻的威胁，陷入两难境地。3-男主的冷酷让女主心灰意冷，选择放弃对他的爱。,女主：坚韧不拔的孤儿，内心深处渴望爱与被爱；男主：外表冷酷的权贵，内心却对女主充满矛盾；男二：温柔体贴的好朋友，默默支持女主，却被误解；女二：男主的未婚妻，心机深沉，给女主制造压力。,女主在关键时刻准备离开，男主终于意识到自己对她的真实感情，却为时已晚。,,通过,通过,通过,
227,《重生之逆袭女王》,大女主,女主在一场意外中重生，发现自己曾是一个备受瞩目的时尚设计师，但因一段失败的婚姻而被迫隐退。重生后，女主决心恢复自己的身份，开始在时尚界崭露头角。与此同时，她的前夫因事业下滑开始后悔，试图挽回。女主在一次时尚秀上成功反击了渣男和反派，展现出她的才华和魅力。,男主：真男主，外表冷酷但内心温暖，支持女主的事业发展，给予她力量；女主：曾经的豪门千金，重生后重新追求自己的梦想，坚韧不拔；男二：前夫，初期表现为渣男，但在女主逆袭后意识到自己的错误，逐渐悔改；女二：竞争对手，嫉妒女主的才华和魅力，常常制造障碍。,在时尚秀的高潮时刻，女主突然揭示出她的真实身份，震惊全场，尤其是她的前夫和竞争对手，营造出紧张的反转气氛。,,通过,通过,通过,
228,逆袭女王,大女主,故事起因：女主因家庭原因被迫隐瞒自己的真实身份，嫁给一个表面温柔但内心阴险的男主。在男主升职后，开始嫌弃女主的背景，女主最终选择离婚。离婚后，女主意外恢复了与豪门家族的联系，展现出她真正的身份，开始打脸那些曾经瞧不起她的人。主角主要目的：寻找自我价值，重建生活。经历阻碍事件：1-女主在离婚后被男主和他的家人嘲笑，认为她一无是处。2-女主在事业上遭遇竞争对手的打压，试图阻止她的复出。3-女主在恢复身份后，男主试图挽回，却被她拒绝。,男主：表面温柔，实则真渣，因事业成功后对女主不屑一顾，后期试图挽回但被拒绝。女主：聪明独立，隐忍坚强，外表柔弱内心强大，最终成为事业女强人。男二：女主的青梅竹马，默默支持女主，虽然他对女主有情感，但不影响女主的成长与逆袭。,一卡：女主在一个高端聚会上，准备揭露自己的身份，所有人都在期待她的发言，而男主则在一旁面露不安。,,通过,通过,通过,
229,契约之恋：黑帮总裁的宠爱,甜宠,女主是一名普通的咖啡店店员，因家庭变故而背负债务。一次偶然的机会，她救了黑帮总裁男主的命。男主被女主的勇敢所吸引，提出与女主签订一份契约，假装情侣以保护她免受追债者的骚扰。随着时间的推移，男主逐渐对女主产生了真挚的感情，而女主也在男主的帮助下，努力解决自己的困境。男配是女主的青梅竹马，试图借助女主的困境来重新赢得她的心，但最终发现自己根本无法与男主抗衡。女主在经历了一系列误会和挑战后，最终选择了男主，接受了他的爱情。,男主：黑帮总裁，外表冷酷内心温柔，愿意为女主付出一切。女主：坚强独立的女孩，虽然处于困境中，但始终不愿依赖他人。男配：青梅竹马，试图通过女主的困境来重燃旧情，但最终意识到女主的心已不在他身上。,一卡：女主在咖啡店被债主逼迫时，男主突然出现，表明两人是情侣，保护了女主，令债主惊愕不已。,,通过,通过,通过,
230,逆袭女王,大女主,女主是个低调的豪门千金，因深爱男主而隐瞒身份，与男主共同创业。然而，男主因事业成功后，开始嫌弃女主的平凡背景，与女主分手。女主心碎，决定重新开始，恢复自己的高身份，成为一名成功的设计师。她的成功引起了男主的注意，男主开始后悔，想要挽回。与此同时，女主揭穿了男主的白月光，打脸了曾经瞧不起她的所有人，最终收获事业与爱情。,女主：隐藏身份的豪门千金，才华横溢的设计师，内心坚韧，后期逆袭；男主：初为女主的支持者，后因白月光的存在而误会女主，最终悔恨；男二：女主的竞争对手，最初看不起女主，后被女主的成功打脸；女二：男主的白月光，表面温柔，实则心机深沉，最终被女主揭穿。,女主在时装秀上大放异彩，所有人都为她的设计惊叹，男主在台下目睹女主的风采，脸上露出震惊与懊悔的神情，暗示着他对女主的真正感情即将浮出水面。,,通过,通过,通过,
231,《逆袭总裁的契约爱恋》,甜宠,女主是一名普通的职员，生活平淡，但在一次偶然的机会中，她与高冷总裁男主签订了一份假结婚的契约，男主为了避免家族的逼婚，女主为了获得一笔可观的收入，双方都抱着各自的目的。随着时间的推移，女主逐渐打破了男主的高冷外壳，展现出自己的坚强与独立，男主也在与女主的相处中感受到温暖与改变。最终，两人从契约关系走向真正的爱情。,男主：总裁，外表冷酷，内心孤独，拥有高地位，但内心渴望真正的情感；女主：普通职员，坚强独立，面对生活压力不屈不挠，善良乐观，虽然经济拮据但不愿依赖他人；男二：女主的前男友，渣男，试图利用女主的感情和经济状况，制造麻烦；女二：男主的青梅竹马，表面温柔，实则心机深沉，暗中对女主施加压力。,一卡：女主在一次意外中发现男主其实是隐藏的富豪，内心惊讶之余却也更加坚定了帮助男主走出阴影的决心；在一次公司聚会上，男主因女主的表现而对她刮目相看，感情逐渐升温。,,通过,通过,通过,
232,《逆袭之路：豪门千金的反击》,大女主,女主小雨是一个默默无闻的设计师，因深爱丈夫而放弃自己的事业，然而丈夫李明在升职后开始嫌弃她，最终与她离婚。小雨在失去婚姻后，意外发现自己是豪门千金，决定重返职场。她利用自己的设计天赋，成功推出了一款时尚系列，迅速崭露头角。与此同时，李明和他的白月光发现小雨的身份后后悔不已，但已为时已晚。小雨在一次时尚颁奖典礼上揭示自己的身份，狠狠打脸了曾经看不起她的人。,女主：小雨，隐秘豪门千金，才华横溢的设计师，前期为爱牺牲，后期重拾自我；男主：张宇，真男主，离婚后默默支持小雨，并与她产生感情；男配：李明，真渣男，因白月光的影响与小雨离婚，后悔不已；女配：白月光，李明的青梅竹马，表面温柔，实则心机重重，试图夺取小雨的事业和感情。,一卡：小雨在时尚发布会上即将揭示身份，李明和白月光在场，心中紧张不已，期待她的失误，却不知她早已做好了准备。,,通过,通过,通过,
233,《契约之恋：高冷总裁的秘密》,甜宠,女主是一个独立坚强的平民女孩，因家庭变故不得不面对继母的刁难和渣男友的背叛。在一次偶然的机会中，她被高冷总裁男主救下，男主出于对女主的吸引和同情，提出一份契约：假结婚，帮助女主摆脱困境。随着时间的推移，两人在契约关系中逐渐产生了真挚的感情，而男主也在女主的坚韧中找到了自我救赎。最终，男主的真实身份和两人之间的感情都面临考验，女主能否坚定自己的选择？,女主：独立坚强的平民女孩，面临家庭和感情的双重压力，拒绝被动接受宠爱；男主：高冷总裁，外表冷漠内心柔软，暗中保护女主；女配：男主的青梅竹马，心机女，企图破坏两人的感情。,女主在一次晚会上被继母和渣男友围攻，男主突然出现，揭露渣男的真面目，助女主化解危机，而男主的真实身份在契约即将到期时也渐渐浮出水面，令人期待。,,通过,通过,通过,
234,命运的替身,虐恋,女主因家庭变故沦为孤儿，被迫成为男主的替身情人。男主是一位冷酷的权贵，因家族压力而不得不与未婚妻成婚，表面上对女主冷漠，实际上内心深处对她产生了无法承认的爱。在一次误会中，男主误以为女主与男二有暧昧关系，愤怒地羞辱她。女主因怀孕而不得不隐瞒真相，内心痛苦。随着故事的发展，男主渐渐发现了真相，并对自己曾经的所作所为感到悔恨，最终展开追妻之路。,女主：美丽坚韧的孤儿，性格坚强却内心脆弱，深爱男主。男主：冷酷偏执的权贵，表面冷漠，内心深藏对女主的爱。男二：对女主温柔体贴，暗恋女主，成为男主嫉妒的对象。男二的女友（男主的未婚妻）：高傲自私，给女主施加压力，妨碍两人关系。,男主即将知道女主怀孕的真相，并为自己对她的误解和伤害感到无比悔恨，内心挣扎。,,通过,通过,通过,
235,逆袭女王,大女主,女主是隐秘的豪门千金，因家族原因选择低调生活，嫁给了一个表面温柔的男主。男主在升职后逐渐对女主冷淡，最终提出离婚。女主心碎之余，意外恢复了与家族的联系，发现自己其实是国际知名设计师。她决定重返职场，重新定义自己。在一次时尚大赛中，女主的作品意外获奖，男主和他的白月光才发现她的真正身份，女主在众人面前打脸了男主和反派，赢得了尊重与事业。,男主：表面温柔的职场精英，因利益出卖女主，最终被打脸。 女主：隐秘的豪门千金，实力设计师，因爱牺牲后重拾自我。 男二：女主的前男友，曾瞧不起女主，后来因女主的成功而感到后悔。 女二：男主的白月光，假装关心女主，实则妒忌。,女主在时尚大赛的颁奖典礼上，准备揭露自己的真实身份，男主和女二的面目将被彻底揭穿。,,通过,通过,通过,
236,《逆袭女王：隐秘身份的她》,大女主,女主李晨曦是一名普通的职场小白领，因深爱男友王宇而放弃了自己的高管职位，甘愿为其牺牲。然而，随着王宇升职加薪，开始嫌弃李晨曦的平凡生活，最终选择与其分手。李晨曦意外发现自己是豪门千金，拥有巨额财富与强大背景，决心恢复身份，重返职场。她在职场中崭露头角，揭露了王宇与其白月光的真面目，最终打脸曾经看不起她的人，赢得了事业与尊重，同时也收获了真爱。,女主：李晨曦，隐秘的豪门千金，聪明坚韧，因爱牺牲，后期复仇打脸；男主：陈浩，李晨曦的真爱，在她分手后默默支持她，助力她复仇；男配：王宇，真渣男，因利益出轨，最终被李晨曦揭穿；女配：白月光，王宇的前女友，假装温柔，实则心机重重，最终被女主打脸。,李晨曦在一次职场聚会上，准备揭露自己的真实身份，令所有人震惊。,,通过,通过,通过,
237,契约情缘,甜宠,女主是一名独立坚强的女孩，因继母的刁难和渣男友的背叛，陷入经济困境。男主是成功的黑帮大佬，表面冷酷无情，实则内心温暖。在一次意外中，男主救下了女主，并提出一份契约：假结婚，以此保护女主并帮助她解决困境。随着时间的推移，女主的坚强与独立吸引了男主，两人之间的感情逐渐升温，但也面临来自男主黑帮身份的威胁和女主继母的压力。最终，在一场生死考验中，男主为了保护女主勇敢站出，彻底打破了两人的阶级差距，收获了真爱。,女主：独立坚强的女孩，拒绝被动接受宠爱，面对困境毫不退缩；男主：冷酷黑帮大佬，内心温暖，愿意为女主付出一切；女配：女主的继母，心机深沉，试图利用女主来攫取财富；男二：男主的忠实兄弟，暗恋女主，时常给予女主支持与帮助。,在一场家庭聚会上，女主被继母羞辱，正当她感到绝望时，男主突然出现，强势护住女主，宣称两人是夫妻，令全场震惊，暗示男主身份的神秘与权势。,,通过,通过,通过,
238,《契约之爱》,甜宠,女主是一名普通的职员，因继母的逼迫而陷入经济困境，面临被迫嫁给一个渣男。恰巧男主是一位年轻的总裁，因公司需要一个假未婚妻来提升形象，提出与女主签订契约恋爱。随着时间的推移，女主在假婚姻中逐渐展现出自己的独立与坚强，男主也被她的魅力吸引，两人之间的感情在共同经历的危机与挑战中升温。最终，女主不仅摆脱了渣男的控制，还赢得了男主的真爱。,男主：总裁，外表冷酷但内心温柔，拥有强大的保护欲，愿意为女主抵挡外界压力。女主：坚强独立的职员，面对继母和渣男的压力毫不妥协，性格乐观向上。男二：渣男，表面温柔，实则心机深沉，试图操控女主。女二：继母，心狠手辣，处心积虑想要利用女主的弱点。,一卡：女主在公司遭遇渣男的恶劣行为时，男主突然出现，公开表明与女主的关系，令渣男震惊。同时，男主也揭示了自己隐藏的富豪身份，令女主意外。,,通过,通过,通过,
239,重生之逆袭女王,大女主,女主是一个普通的设计师，因男友的背叛而分手，之后意外发现自己其实是豪门千金，隐藏身份多年。她决定重新开始，利用自己的才华和资源，打造自己的品牌，复仇那些曾经看不起她的人。男主是她的青梅竹马，在女主恢复身份后对她倾心，帮助她打脸那些曾经的敌人。女主最终在一次大型时尚展会上成功展示自己的设计，揭露了背叛她的男友和白月光的真面目，赢得了大家的尊重。,男主：女主的青梅竹马，外表冷酷内心温暖，支持女主的事业发展；女主：原本是普通设计师，实则豪门千金，聪明坚韧；男配：女主的前男友，因女主的身份揭晓而感到震惊；女配：白月光，男配的心仪对象，暗中陷害女主。,在时尚展的最后一刻，女主揭示了自己的身份，男配愤怒地质问她为何隐瞒身份，女主微笑回应，‘因为我想用自己的实力让你们明白，谁才是真正的设计师。’全场哗然，气氛紧张。,,通过,通过,通过,
240,《隐秘的身份》,大女主,故事起因：女主小雨是一个普通的设计师，为了追求梦想，放弃了家族的富贵生活，和渣男张强交往。张强在事业有成后开始嫌弃小雨，最终选择与她分手。小雨意外得知自己是一个著名设计师的女儿，决定恢复身份，回到时尚界，打脸所有曾经看不起她的人。主角主要目的：找回自我，实现梦想。经历阻碍事件：1-小雨在工作中遭到同事的排挤与冷落；2-小雨在一次时尚比赛中被张强和他的白月光嘲讽；3-小雨的真实身份即将被揭露，面临众人的质疑。,男主：李铭，初为小雨的朋友，后来发现小雨的真实身份，默默支持她，最终与小雨相爱。女主：小雨，曾是豪门千金，因爱牺牲自我，后期重拾自信与事业。男二：张强，表面温柔，实则渣男，因白月光抛弃小雨，最终被小雨打脸。女二：白月光，张强的初恋，心机重重，企图拆散小雨与李铭。,小雨在一次时尚展会上，揭露了自己的真实身份，震惊了所有人，包括曾经看不起她的同事和渣男张强。,,通过,通过,通过,
241,平凡的逆袭,大女主,女主是一名普通的上班族，过着平淡的生活。她在公司里默默无闻，受到了同事的轻视和排挤。某天，她在一次偶然的机会中发现自己能预知未来，但为了保护自己的秘密，她选择不告诉任何人。随着时间的推移，女主的预知能力帮助她在工作中获得了小小的成功，但她始终没有改变自己被低估的命运。最终，她选择辞职，追求自己的梦想，然而并没有人关注她的变化。,女主：普通上班族，性格内向，擅长计算和分析；男主：公司总裁，女主的高中同学，因误会对女主心存偏见；女配：女主的同事，表面上是朋友，实际上暗中竞争，想要取代女主的位置。,女主在一次聚会上意外得知男主即将与女配订婚，心中充满失落，然而她并没有选择反击，而是默默离开，决定用自己的方式改变命运。,,不通过,通过,不通过,
242,契约爱恋：总裁的救赎,甜宠,女主因继母的逼迫，面临失业和家庭困境，偶然间与高冷总裁男主签订了一份假结婚的契约。男主表面冷漠，实际上暗中帮助女主解决生活中的各种困难。随着两人共同面对外界的压力，女主的坚强与勇敢逐渐打动了男主，最终在互相扶持中，两人产生了真挚的感情。,男主：冷酷总裁，外表高冷，内心温暖，深藏的过去让他对感情产生了阴影；女主：坚强独立，面对继母的刁难和渣男友的背叛，勇敢反抗，努力追求自己的梦想；女二：男主的青梅竹马，心机深沉，试图破坏两人的关系，给女主制造困扰。,在一次重要的商业宴会上，女主意外揭露了男主隐藏的身份，众人震惊之际，男主却选择站在女主身边，表示支持，令所有人对他们的关系产生了质疑和好奇。,,通过,通过,不通过,
243,校园食堂的秘密,甜宠,女主是一名普通的大学生，因一场误会被男主（校草兼学霸）认为是偷窃食堂的贼。男主为了维护自己的名声，决定对女主进行“调查”，而女主则为了证明自己的清白，开始主动接近男主。在一系列搞笑的误会和互动中，两人逐渐产生好感，最终在食堂的团圆饭上互诉心声，成就了一段校园恋情。,男主：校园里的学霸，外表冷酷内心温暖，喜欢隐藏自己的真实情感。女主：活泼开朗，热爱美食，拥有独特的厨艺，努力向男主证明自己不是小偷。男配：男主的死党，常常调侃男主的感情生活。女配：女主的室友，性格甜美，常常在旁助攻。,女主在食堂做的特别菜品意外引起了男主的注意，男主竟然决定和女主一起参加校内的厨艺大赛，两人默契十足，渐渐消除了误会，感情也在比赛中升温。,,通过,通过,不通过,
244,爱在阴影中,甜宠,女主是一个独立的平面设计师，因工作压力大而精神崩溃，决定去一个隐秘的疗养院休养。在疗养院，她遇到了男主，一个神秘的艺术家，因创作灵感枯竭而隐居。两人从一开始的互不相识到逐渐建立起深厚的情感，男主用自己的艺术启发女主，帮助她重拾信心。但随着女主的康复，她发现男主其实是一个被家族抛弃的富二代，内心充满阴影。最终，女主决定用自己的力量帮助男主走出阴影，重回社会，彼此相互扶持，走向光明。,男主：神秘的艺术家，拥有高超的艺术天赋，但因家庭背景而心怀阴影；女主：独立坚强的设计师，虽然面临生活压力，但始终保持乐观；反派角色为男主的父母，试图干涉他们的关系，给两人带来困扰。,一卡：女主在疗养院偶然发现男主的真实身份，震惊之余决定不让他知道自己的发现，反而更加努力地帮助他，营造出紧张又甜蜜的氛围。,,不通过,通过,不通过,
245,绝世奇缘,甜宠,男主是一位平凡的图书管理员，因意外获得了一本神秘的魔法书，能够让他在任何场合都变得超有魅力，吸引到所有女生的目光。女主是校园里的风云人物，追求完美的生活和学业，但在一次偶然的机会下，发现男主的秘密。为了能拥有男主的魔法，女主主动接近男主，展开了一系列搞笑的追求计划，最终两人因误会和冲突逐渐产生感情，形成了一段轻松搞笑的爱情故事。,男主：普通男生，内向，爱好阅读，因魔法书变得受欢迎，但内心仍然渴望真实的感情；女主：外表出众，聪明能干，追求完美，性格强势但内心柔软；男二：女主的追求者，富有且帅气，但性格浮夸，常常给女主带来麻烦。,女主在一次校园活动中，故意安排男主与她同台表演，结果男主因紧张失误，场面一度尴尬，女主却意外被他的真实一面吸引，开始反思自己对感情的看法。,,不通过,不通过,不通过,
246,《逆袭人生》,甜宠,女主是一名在乡下长大的普通女孩，因一次偶然的机会被选中参加真人秀节目，成为了一名网红。节目中，男主是个极其普通的打工仔，毫无背景。女主在节目中表现出色，逐渐走红，然而却遭到男主的嫉妒和恶意中伤。最终女主在节目中与男主展开了一场明争暗斗，最后两人相互揭露对方的秘密，互相算计，却在过程中产生了情感，最终在事业的顶峰选择了分手。,男主：普通打工仔，个性懦弱，内心阴暗，擅长阴谋算计，深爱女主但又无法直面自己的感情。女主：性格坚强，追求梦想，但在面对男主的攻击时表现得极为被动，依赖于朋友的帮助。女二：女主的死党，性格温柔善良，总是帮助女主，但在关键时刻却常常出错，导致女主受伤。,在节目决赛前夕，女主得知男主背后操控了一切，试图让她失去比赛资格，女主愤怒之下决定反击，然而在关键时刻却被男主用感情牌反击，令观众陷入两人之间的复杂情感纠葛中。,,不通过,不通过,不通过,
247,失落的天使,甜宠,故事起因：女主是一个生活在贫民区的少女，努力打工养活自己和生病的母亲。一天，她在街上被一个富有的艺术家男主发现，男主对她一见钟情，决定将她带回家。男主的家族反对这段感情，女主面临来自男主家庭的压力。主角主要目的：女主希望能得到男主的真爱，并改变自己的命运。经历阻碍事件：1-男主的家族安排他相亲，女主心中难受却不愿意表现出来。2-女主的母亲病重，女主努力打工，却因意外受伤，无法工作。3-男主为了女主与家族关系紧张，最终选择放弃女主，女主心碎。,男主：富有而高傲，内心柔软，对女主的爱意浓烈，愿意为她放弃一切。女主：坚强独立，努力工作，不愿意依赖他人，内心深处渴望被爱。女二：男主的青梅竹马，外表温柔，内心阴险，试图拆散男主和女主的关系。,女主在绝望中意外发现男主为她偷偷准备的惊喜，而男主的真实身份在此时揭晓。,,不通过,通过,通过,
248,禁忌之恋,虐恋,女主是一个孤儿，生活在寄养家庭中，常常遭受虐待。男主是一个冷酷的富豪，因家庭原因对感情极度排斥。一次意外，女主被男主救下，男主对她产生了莫名的吸引力，但他因自己的身份和过往拒绝接受这份感情。与此同时，男二是女主的同学，对她暗恋已久，默默支持她。女主在男主的压迫和男二的关怀中陷入了情感的挣扎。,男主：冷酷无情，外表高冷内心脆弱，隐藏着对女主的爱意；女主：坚韧不拔，勇敢追求自己的幸福，内心渴望被爱；男二：温柔体贴，善解人意，对女主的苦难有着深刻的理解；女二：男主的未婚妻，心机重重，时常给女主制造困扰。,男主在一次宴会上无意间看到女主与男二的亲密互动，心中产生了莫名的嫉妒，决定要将女主拉回自己的身边，却不知道女主正被他的未婚妻逼迫。,,通过,通过,不通过,
249,我的失落青春,甜宠,女主是一个普通的大学生，梦想成为一名成功的插画师。她的生活平淡无奇，直到一天她在校园里遇到了男主，一个自恋的网络红人。男主对女主展开追求，但女主因为自己的理想和追求拒绝了男主的感情。两人之间充满了误会和矛盾，男主不断用他的影响力来吸引女主，然而女主始终坚持自己的立场。最终，男主为了证明自己爱女主，放弃了网络红人的身份，选择去做一个普通人。,男主：网络红人，外表光鲜但内心空虚，喜欢女主却不知道如何表达。 女主：普通大学生，努力追求自己的梦想，坚韧不拔。 男配：女主的青梅竹马，一直暗恋女主，试图在男主和女主之间制造误会。 女配：男主的前女友，妒忌女主，频频出现在男主和女主之间。,女主在一次插画比赛中获得大奖，男主意外得知后试图接近女主，却因为误会导致女主对他产生了误解。,,不通过,不通过,不通过,
250,我的平凡生活,大女主,女主是一名普通的大学生，生活在小镇上，梦想成为一名教师。她与男主是青梅竹马，但男主一直对她不屑一顾，认为她平凡无奇。女主努力学习，积极参与社区活动，帮助他人。最终，男主因为一次意外事件发现女主的善良与坚持，开始对她产生好感。故事的高潮是男主向女主表白，但女主因为自己平凡的身份拒绝了他，选择继续追求自己的梦想。,男主：大学篮球队队长，外表帅气，内心自私。女主：普通大学生，热爱教育，乐于助人。男配：男主的好友，支持男主追求女主。女配：女主的室友，默默喜欢男主。,在一次校园活动中，女主作为志愿者展现出超凡的组织能力和领导力，男主和同学们对她刮目相看，但女主依然保持谦逊，未曾想过自己的改变会影响他人。,,不通过,不通过,不通过,
251,《错爱成殇》,虐恋,女主是一个被家族抛弃的孤儿，靠自己的努力成为了一名优秀的设计师。男主是一个冷酷的商界权贵，他与女主在一次商业活动中相遇，因误会而对女主产生了敌意。男主的未婚妻是女主的竞争对手，时常给女主制造麻烦。随着剧情发展，男主发现自己对女主的真实感情，但因身边的压力和责任，始终无法向女主表白。最终，女主因意外怀孕，男主却误以为是男二的孩子，选择了放弃。,男主：冷酷的商界权贵，外表强势但内心孤独；女主：坚韧不屈的设计师，内心柔软却饱受伤害；男二：温暖体贴的朋友，一直暗恋女主，试图保护她；女二：男主的未婚妻，心机深沉，给女主带来压力。,在一次重要的设计大赛上，女主意外获得了最佳设计奖，男主在台下看着她笑容灿烂，内心却充满了复杂的情感，随即被未婚妻拉走，留下女主一人陷入对未来的迷茫。,,不通过,通过,不通过,
252,《Beneath the Surface》,大女主,女主是一名普通的咖啡店店员，男主是一位富有的艺术家，对女主一见钟情，但女主对他毫无兴趣。女主在一次偶然的机会下，获得了一个与艺术家合作的机会，但她依然保持低调。随着两人合作的深入，女主发现男主有一段不为人知的过去，男主的前女友试图破坏他们的关系，女主最终选择放弃这段感情，专注于自己的事业，获得成功。,男主：艺术家，性格温柔，热爱创作，但对感情不太成熟。女主：咖啡店店员，热爱生活，乐观向上，对爱情持保留态度。男二：女主的好朋友，默默支持女主，时常调侃她的爱情观。女二：男主的前女友，强势而有心计，试图拆散男女主。,女主在一次艺术展上意外发现男主的作品中隐藏着她的身影，开始重新审视他们的关系。,,不通过,通过,不通过,
253,《心动契约》,甜宠,故事起因：女主是一名普通的大学生，因家庭经济困难而不得不兼职打工。一次偶然的机会，她在咖啡店遇见了高冷总裁男主，男主被女主的坚强和独立所吸引。为了帮助女主渡过难关，男主提出了一份契约：假装情侣，以此保护女主免受继母的欺压。主角主要目的：在假装情侣的过程中，男女主互相吸引，发展出真实的感情。经历阻碍事件：1-女主在假情侣关系中逐渐依赖男主，却因为身份差距而感到自卑。2-男主的家族反对两人的关系，施加压力。3-女主的继母试图拆散两人，制造误会。,男主：高冷总裁，外表冷酷，内心温柔，为了女主愿意挑战家族压力。女主：坚强独立的大学生，虽然生活艰辛，但始终不愿意依赖他人，努力奋斗。男二：女主的前男友，典型的渣男，试图利用女主的弱点来复合。女二：男主的青梅竹马，心机重重，一直想要阻止男主和女主在一起。,在一次家族聚会上，女主被继母当众羞辱，男主毫不犹豫地站出来为她辩护，令众人震惊。,,不通过,通过,通过,
254,《错位的心声》,甜宠,女主是一名普通的大学生，意外获得了一张神秘的通行证，可以进入一个平行世界。在这个世界中，男主是一个温柔体贴的富二代，而女主在现实中却是被家人忽视的孤儿。女主在平行世界中与男主相识，逐渐展开了一段甜蜜的恋情。然而，当女主回到现实世界后，发现男主在现实中是个冷酷无情的权贵，误会她与男二有关系，开始对她进行冷落和羞辱。最终，女主决定不再回到平行世界，而是努力改变现实中的男主。,男主：富二代，现实中冷酷无情，平行世界中温柔体贴。 女主：普通大学生，现实中被家人忽视，平行世界中受宠若惊。 男二：女主的青梅竹马，暗恋女主，试图保护她。 女配：男主的未婚妻，心机重重，试图拆散女主和男主。,女主在平行世界中与男主甜蜜互动，突然发现男主在现实中与女配亲密无间，心中充满了矛盾与挣扎。,,不通过,不通过,不通过,
255,《隐秘的天才设计师》,大女主,女主是一位在设计界默默无闻的年轻设计师，为了追求自己的梦想而放弃了家庭的富裕生活。她的男友是个看似温柔体贴的男人，实际上却在她背后与白月光暗中交往。女主在一次设计比赛中获胜，意外揭开了自己的真实身份，原来她是知名设计师的女儿，背负着家族的荣耀。女主决定反击，向男友和白月光揭露真相，最终实现了自己的事业与爱情的双重逆袭。,男主：温柔体贴，实际是个伪善者，因白月光的出现而背叛女主。女主：独立坚强，善于设计，但隐藏自己的高身份，后期展现出强大的能力。男二：女主的竞争对手，暗中嫉妒女主，后期被女主打脸。女二：白月光，外表光鲜亮丽，实际上心机重重，企图破坏女主的事业与爱情。,女主在比赛前夕，意外发现男友与白月光的秘密关系，心中不甘，决定在比赛中一举成名，反击所有看不起她的人。,,通过,通过,不通过,
256,契约恋人,甜宠,女主在一次商业活动中被继母逼迫，与男主签订了一份假结婚的契约。男主是位冷酷的总裁，表面上为了拯救女主，实际上却是因为一桩与家族的交易。随着两人共同面对外界的压力，男主开始渐渐被女主的坚强与独立所吸引，女主也在男主的保护下找到了自己的价值与勇气，最终两人打破阶级差异，真心相爱。,男主：总裁，冷酷外表下藏着温暖，内心深处对女主充满保护欲；女主：坚强独立的女孩，承受来自继母的压迫，但不屈服，努力追求自己的梦想；男二：女主的渣男友，利用女主的弱点，试图破坏她与男主的关系；女二：男主的青梅竹马，爱慕男主多年，试图破坏两人的契约。,在一次意外中，女主被继母陷害，男主及时出现救下女主，揭开了他隐藏的富豪身份，并暗示了他与女主的契约背后更深的缘分。,,不通过,通过,通过,
257,爱恨交织的命运,虐恋,女主是一个身世显赫的富家千金，却因父母的离婚而被迫与母亲一起生活在一个偏僻的小镇上。她心中对父亲的怨恨和对家庭的失落感让她变得冷漠。然而，她意外邂逅了男主，一个性格温柔的普通大学生。男主对女主一见钟情，但女主对他却始终保持距离。随着剧情的发展，女主发现男主其实是她父亲的秘密情人，感情的纠葛让她痛苦不已。最终，男主为了保护女主，决定离开她，女主才意识到自己对他的爱。,男主：温柔体贴，善解人意，深爱女主却不敢表白；女主：内心坚韧却外表冷漠，表面上对爱情无所谓，实则内心深处渴望被爱；男二：女主的青梅竹马，默默守护女主，然而被女主拒绝，心中充满失落；女二：男主的前女友，妒忌女主的美好生活，频频制造麻烦。,在一次家庭聚会上，女主无意中听到父亲与男主的对话，得知了男主的真实身份，心如刀绞，决心与男主断绝一切关系。,,不通过,不通过,不通过,
258,《契约爱恋：总裁的救赎》,甜宠,女主是一名普通的白领，因继母的逼迫陷入经济困境，面临失业和巨额债务的双重压力。男主是一位高冷的总裁，因父亲的遗愿被迫回国接管家族企业。在一次偶然的机会中，男主发现女主在公司门口被追债者围堵，出手相救。为了帮助女主解决困境，男主提出契约恋爱的提议，女主犹豫后同意。随着两人关系的深入，女主逐渐感受到男主的温暖，而男主也在女主的坚强与独立中找到了内心的救赎。,女主：坚韧独立的普通女孩，拒绝被动接受帮助，努力寻找自我价值；男主：高冷总裁，外表冷漠内心柔软，愿意用自己的力量保护女主；男二：女主的渣男友，意图利用女主的困境，制造矛盾。,女主在工作中遭遇渣男友的背叛，正当她绝望之际，男主及时出现，提出与她签订契约恋爱，解救她于水深火热之中。,,通过,通过,不通过,
259,《逆袭女神的华丽人生》,大女主,女主是一名普通的设计师，因男友的事业成功而被忽视，最终选择分手。女主在一次偶然的机会下，回归家族豪门身份，成为知名时尚品牌的设计总监。她以自己的才华和智慧逆袭，不仅赢得了行业的尊重，也成功打脸曾经看不起她的渣男及其小三。与此同时，真男主是她的大学同学，默默支持她，帮助她重新站起来。随着女主事业的腾飞，男主也向她表白，最终两人走到了一起。,男主：大学同学，曾暗恋女主，因误会选择沉默，后期支持女主事业。女主：普通设计师，因男友成功而被忽视，后期身份逆袭，成为时尚设计总监。男二：女主的前男友，因女主分手后嫌弃她，后期被女主打脸。女二：男二的新欢，认为自己是女主的白月光，最终揭露其真面目，成为女主的笑柄。,一卡：女主在时尚发布会上揭露男二与女二的真实关系，现场观众哗然，男二面露尴尬，女主自信满满地走向舞台中央，准备宣布自己的新设计品牌。,,通过,通过,不通过,
260,爱在绝望边缘,虐恋,女主从小是孤儿，经过不懈努力成为一名优秀的舞者，却因身世被家族抛弃而心中充满自卑。一次偶然的机会，她被男主的家族聘请为舞蹈老师，男主是个疯批权贵，表面冷酷偏执，暗中却对女主产生了复杂的情感。男主的未婚妻女二对女主施加压力，企图让她离开男主。男主误会女主与男二有关系，因而对女主进行羞辱和囚禁。就在女主因病住院，得知自己怀孕的同时，男主也开始逐渐意识到自己对女主的真实感情。最终，男主在得知真相后，痛苦不已，追悔莫及，誓言要追回女主，展开一场追妻火葬场的感人故事。,女主：坚韧不屈的孤儿，拥有美丽的舞姿与强大的内心，深爱男主；男主：疯批权贵，前期冷酷偏执，后期逐渐觉醒对女主的爱；男二：对女主关怀备至，误会男主与女主的关系，成为男主的情敌；女二：男主的未婚妻，处处给女主制造压力，妒忌女主的才能与美丽。,女主因病住院，得知自己怀孕，男主在得知真相的瞬间，愧疚与爱交织，发誓要保护女主和他们的孩子。,,不通过,通过,通过,
261,命运的捉弄,虐恋,女主是一个被家族抛弃的孤儿，生活艰难。男主是一个冷酷的权贵，因为一场误会，误认为女主是他未婚妻的替身，因此对她展开了无情的羞辱和折磨。然而，随着时间的推移，男主逐渐发现自己对女主产生了无法控制的情感。女主怀孕了，但她并不知道男主的真实身份，男主也因为家族的压力无法承认自己的感情。最终，男主在得知真相的那一刻，内心充满悔恨，但为时已晚。,男主：权势滔天，冷酷无情，内心却隐藏着对女主的深情；女主：坚韧不拔，经历过无数磨难，但始终保持着善良的心；男二：对女主关心备至，默默支持她，男主却因误会对男二心生嫉妒；女二：男主的未婚妻，外表优雅，内心阴险，时常给女主制造困扰。,在一次意外中，男主目睹女主与男二的亲密互动，内心嫉妒的火焰被点燃，决定加倍对女主的折磨，却不知道这一切都是误会，最终导致他对女主的伤害无法挽回。,,通过,通过,不通过,
262,《爱在星空下》,虐恋,女主是一名天真无邪的大学生，男主是她的学长，性格温柔体贴。两人因一次校园活动相识，男主对女主一见钟情，女主则将男主视为哥哥般的存在。男主的家境优越，但他不愿意被家族束缚，决定追求自己的梦想。女主为了支持男主的梦想，默默付出，甚至放弃了自己的学业。最终，男主在一次比赛中获胜，决定带女主一起去国外发展，女主欣然接受，两人甜蜜相拥，未来一片光明。,女主：乐观开朗的普通学生，深爱男主；男主：温柔体贴的学长，默默守护女主；男二：女主的青梅竹马，一直在暗恋女主；女二：男主的青涩初恋，始终想要重新夺回男主的心。,男主的家族反对他追求女主，试图通过各种手段拆散他们，但男主始终坚定不移，决心与女主携手共度难关。,,不通过,通过,不通过,
263,《重生逆袭：女神归来》,大女主,女主因深爱男友而隐瞒自己是豪门千金的身份，男友在事业上有所成就后开始嫌弃女主，最终选择与白月光分手。女主经历了一段低谷后，决定重新振作，恢复自己的高身份，回归豪门生活，揭穿白月光的真面目，打脸曾经看不起她的人。与此同时，男主在女主转身后逐渐意识到她的价值，开始对她产生情愫，成为女主的坚强后盾。,男主：真男主，温柔体贴的富家公子，女主的挚友，始终默默支持女主，最终与女主走到一起。女主：豪门千金，因爱选择隐瞒身份，经历背叛后重拾自我，坚强而独立。男配：真渣男，女主的前男友，因事业有成而背叛女主，最终被女主打脸。女配：白月光，男配的青涩初恋，表面纯真，实则心机深沉，企图破坏女主与男主的关系。,女主在一次聚会上无意中听到男配与白月光的对话，得知他们的阴谋，决定反击，准备揭露她的真实身份，反转即将来临。,,不通过,通过,通过,
264,《Innocent Lies》,虐恋,故事起因：女主是个孤儿，遭遇家庭变故后被迫成为男主的替身，男主因误会女主与男二有染而对她冷酷相待。实际上，男主是因为深藏的爱而无法承认对女主的情感。主角主要目的：女主希望能得到男主的认可与爱，男主则在内心挣扎，最终选择面对自己的感情。经历阻碍事件：1-男主因误会女主与男二关系，开始对她施加压力；2-女主为了证明自己清白而拼命工作，甚至患上重病；3-男主在得知女主重病后，内心的愧疚与爱意交织，决定揭开误会。,女主：坚韧不屈的孤儿，内心柔软，深爱男主；男主：冷酷的权贵，内心深处却对女主充满爱意，后期追妻火葬场；男二：温柔体贴的好朋友，暗恋女主，常常为女主提供支持；女二：男主的青梅竹马，暗中对女主进行打压。,一卡：女主因重病被送进医院，男主误以为是男二所为，心中愤怒，却在医院见到女主虚弱的样子时，心中万般不舍，终于意识到自己对她的真实感情。,,不通过,通过,不通过,
265,《逆袭女王的华丽人生》,大女主,女主是一个默默无闻的平面模特，因一次偶然的机会被大牌设计师发现，签约成为其专属模特。女主的前男友因其模特身份而感到羞愧，选择与其分手。女主在事业上不断努力，逐渐崭露头角，成为时尚界的新星。在一次时尚盛典上，女主意外发现自己的真实身份是设计师的女儿，原本隐瞒身份是为了追求自己的梦想。最终，她以自己的实力和魅力打脸曾经看不起她的人。,女主：默默无闻的模特，实际身份是设计师的女儿，坚韧而勇敢 男主：大牌设计师，外表冷酷内心温柔，默默支持女主 女配：女主的好友，内心嫉妒女主的成功，试图拉拽女主下水,在时尚盛典的舞台上，女主即将揭开自己的真实身份，众人都屏息以待，气氛紧张。女主的前男友在台下目睹这一切，面露震惊之色，似乎预示着他即将被打脸的命运。,,不通过,通过,通过,
266,命运的替身,虐恋,女主在孤儿院长大，因一场误会被男主的未婚妻设计，成为了男主的替身。男主冷酷无情，初始对女主的态度极其偏执，甚至囚禁和羞辱她。然而，随着时间的推移，男主在无意中发现女主的坚韧与美丽，逐渐对她产生了无法自知的爱。此时，女主却因绝症和怀孕的双重打击，陷入绝境。男二一直默默支持女主，男主误会他们有关系，心中醋意难平。最终，男主即将得知真相，后悔自己对女主的所作所为，准备竭尽全力去挽回。,男主：疯批权贵，表面冷酷偏执，内心却深爱女主。女主：美强惨，身世凄惨但坚韧不屈。男二：对女主温柔体贴，暗恋女主。女二：男主的未婚妻，心机重重，给女主造成极大压力。,一卡：女主在医院被告知怀孕，正当她绝望之际，男主突然出现，误会她与男二的关系，怒火中烧。此时，男主即将揭开女主的秘密，情感的真相即将浮出水面。,,不通过,通过,通过,
267,甜蜜的假期,甜宠,女主是一名阳光开朗的旅行博主，男主是一位温柔体贴的咖啡店老板。两人在一次偶然的旅行中相遇，男主对女主一见倾心，决定带她游览城市的美景。女主则被男主的细心和幽默所吸引。两人共同度过了一个愉快的假期，期间互相分享生活中的小秘密，建立了深厚的感情。男二是一名优秀的摄影师，一直默默支持女主，女主对他有些依赖，但始终对男主心存好感。男二最终鼓励女主追求自己的幸福。女主最终选择了男主，俩人一起开了一家旅行咖啡馆，生活幸福美满。,男主：温柔体贴的咖啡店老板，热爱生活，乐于助人，擅长烹饪。女主：阳光开朗的旅行博主，喜欢探索世界，勇敢追梦。男二：优秀的摄影师，默默支持女主，性格稳重，善解人意。女二：女主的好友，活泼开朗，时常调侃女主，助力她追求幸福。,女主在旅行中发现了一本古老的日记，里面记录着一段关于爱与冒险的故事，似乎与她和男主的命运有着千丝万缕的联系。,,不通过,通过,不通过,
268,爱与误解的边缘,虐恋,女主是一个被家族抛弃的孤儿，在一个酒吧工作。她与男主在一次偶然的机会中相遇，男主是一个冷酷的权贵，误以为女主是他的未婚妻。由于男主的偏执和对女主的误解，他对她施加了种种羞辱和控制，甚至囚禁了她。在这一过程中，女主逐渐展现出坚韧的性格，努力寻求自由。与此同时，男二对女主暗恋，试图保护她，但男主误会了他们的关系，导致男主更加偏执。最终，男主发现女主并不是他以为的那个人，内心充满悔恨，但此时女主已经怀上了男二的孩子。,男主：权贵，冷酷偏执，表面上对女主冷漠，内心却隐藏着对她的爱。 女主：美强惨，坚韧不屈，努力在逆境中生存。 男二：温柔体贴，默默支持女主，深爱她。 女二：男主的未婚妻，给女主施加压力，试图拆散男女主。,男主即将发现真相，但此时女主已经决定离开他，带着自己的孩子开始新的生活。,,不通过,通过,通过,
269,契约情缘,甜宠,女主是一个努力奋斗的平凡女孩，因继母的逼迫而陷入困境。为了偿还家里的债务，她不得不与男主签订一份假结婚的契约。男主是一位年轻有为的总裁，外表冷酷内心温柔。他在一次偶然的机会下发现女主的坚韧与勇敢，决定暗中帮助她。随着时间的推移，两人从最初的契约关系逐渐升温，女主也在男主的支持下逐渐走出困境，重拾自信。最终，两人都意识到彼此是不可或缺的存在。,女主：坚强独立的女孩，努力面对生活的压力，性格讨喜，勇敢不屈。男主：外表冷酷的总裁，内心温柔，对女主的坚韧产生深深的吸引，默默守护她。女配：男主的青梅竹马，心机重重，一心想要拆散男女主。,在一次商业宴会上，女主意外被男主当众称为‘我的未婚妻’，全场哗然，女主惊愕不已，而男主却暗自得意，似乎早已计划好这一切，令所有人对他们的关系充满好奇与期待。,,不通过,通过,不通过,
270,《错位的爱恋》,虐恋,女主是一名出色的舞蹈演员，因一次意外被男主的父亲看中，成为了男主的替身。男主是个冷酷的富家公子，表面上对女主冷漠无情，实际上却因父亲的强迫而不得不与女主保持距离。女主在这个过程中逐渐爱上男主，而男主也在不知不觉中被女主的坚韧与才华吸引。随着故事的发展，女主发现自己怀孕，但她不敢告诉男主，因为她知道男主对她的真实感情始终被父亲的阴影所压制。最终，男主的未婚妻出现，给女主带来更大的压力。,男主：高冷富豪，内心深处对女主有爱但因家族压力而无法承认。女主：坚韧的舞者，身世复杂，努力在舞台上证明自己，怀孕后更加坚强。男二：男主的好友，对女主暗恋并给予她支持，试图保护她。女二：男主的未婚妻，心机重重，处处针对女主。,男主即将揭开真相，发现女主怀孕后深感悔恨，但未婚妻的威胁让他不得不在两者之间做出艰难选择。,,不通过,通过,通过,
271,契约情深,甜宠,女主是一个刚毕业的大学生，因父亲生病而陷入经济困境，面临失去家中小店的危险。为了拯救家业，女主无意中与男主签订了一份假结婚的契约。男主是一位成功的企业家，外表冷酷，但内心温柔。两人在相处中逐渐产生感情，男主也开始帮助女主解决生活中的各种问题。然而，女主的继母和渣男友一直试图拆散他们，造成了不少误会和冲突。,男主：年轻有为的企业家，外表冷酷，内心温暖，愿意为女主付出一切。女主：坚强独立的女孩，面对困难从不轻言放弃，虽然内心脆弱，但始终努力维护自己的尊严。男二：女主的渣男友，表面温柔，实则自私，为了利益不断利用女主。女二：男主的青梅竹马，心机深沉，暗中阻挠男女主的感情发展。,在一次偶然的场合，女主发现男主其实是她父亲生前的商业伙伴，过去的恩怨和情感纠葛即将浮出水面，两人之间的关系也因此变得更加复杂。,,不通过,通过,通过,
272,《爱恨交织的命运》,虐恋,女主自幼失去父母，孤苦无依，在一场意外中成为男主的替身。男主是权势滔天的富豪，因误会而将女主囚禁，表面上对她冷酷无情，实际上却深藏对她的爱。女主在囚禁中逐渐展现出坚韧不屈的性格，并因意外怀孕而面临绝境。与此同时，男二对女主的真心关怀让男主心生嫉妒，误会加深。最终，男主即将发现真相，心中悔恨不已，却为时已晚。,男主：冷酷偏执的权贵，表面无情实则深爱女主，后期为追妻而疯狂。女主：美丽坚韧的孤儿，经历重重磨难却依然勇敢追求幸福。男二：温柔体贴的朋友，暗恋女主，因误会与男主产生竞争。女二：男主的未婚妻，心机深沉，处处给女主制造麻烦，试图维持自己的地位。,在男主即将揭开真相的关键时刻，女主因绝症入院，男主发现自己对她的深情，却被迫面对未婚妻的强势介入，情感的纠葛愈加复杂。,,不通过,通过,通过,
273,爱情的逆袭,甜宠,女主是一个普通的咖啡店员工，男主是个天才黑客，两个毫无交集的人因为一场误会被迫合作。女主因为一份秘密文件被黑客组织追杀，男主出手相救。为了保护女主，男主决定假装成她的男友，然而他们的关系却在频繁的接触中逐渐升温。最终，男主揭开了自己的真实身份，原来他是一个隐秘的黑帮继承人。,男主：黑客，性格冷酷内敛，外表高冷，内心温暖。女主：坚韧独立的女孩，善良但有些傻白甜。男配：女主的青梅竹马，性格温柔体贴，但却因误会与女主疏远。女配：男主的青梅竹马，心机重重，暗恋男主多年。,在一次女主被黑客组织围攻时，男主及时出现救下她，然而在逃跑过程中，女主不小心摔倒，男主把她抱起，现场目击者都以为他们是一对恩爱情侣，女主心中暗自纠结，感到一丝微妙的情愫。,,通过,通过,不通过,
274,逆袭的女王,大女主,女主是一名普通的职员，因一场意外被卷入一场企业权力斗争中。她发现自己其实是一个隐秘豪门的千金，然而在初入豪门的生活中，她遭到了家族的排挤和渣男的嫌弃。为了保护自己的家族和心爱的人，女主选择隐忍与牺牲，最终在离婚后，揭露了渣男的真实面目，重新掌握自己的命运。她逐渐展现出自己强大的能力，成功逆袭，打脸那些曾经瞧不起她的人。,男主：外表冷酷但内心温柔的总裁，曾是女主的青涩爱恋，后来因误会与女主分手，最终帮助女主打败渣男，重新走到一起。女主：聪明能干的职员，隐藏着豪门身份，前期为了爱情选择隐忍，后期通过努力和智慧崭露头角。女二：女主的竞争对手，心机重重，嫉妒女主的才能与美貌，最终被女主打脸。,在一场商业晚会上，女主无意间揭露了渣男的阴谋，令所有人震惊，尤其是男主，正当她准备揭露自己的真实身份时，场面一度紧张。,,不通过,通过,通过,
275,《Heart's Prisoner》,虐恋,女主是一名孤儿，性格坚韧，努力奋斗，希望能够改变自己的命运。男主是一位冷酷的富豪，因父亲的安排与女主有着不解之缘。表面上男主对女主冷漠，实际上却因家族的压力而无法承认自己的感情。女主在一次偶然的机会下，成为男主的替身，男主在对待她时常常表现出冷酷和羞辱，然而在内心深处却无法自拔地爱着她。男二是女主的青梅竹马，默默守护她，男主误会他们之间的关系而产生嫉妒。,男主：富有且权势滔天，前期表现出冷酷无情，但内心深处对女主有着深厚的情感。女主：美丽坚韧的孤儿，勇敢面对生活的艰难，心中对爱情充满期待。男二：女主的忠实朋友，对她无微不至的关心，因误会与男主产生冲突。男二的性格偏向于温柔体贴，反而没有强烈的占有欲。,在一次意外中，女主得知自己即将被迫与男主订婚，而男主却因家族的威胁不得不选择放弃她，最终在真相揭开之际，男主才意识到自己对女主的真正感情。,,不通过,通过,通过,
276,错位的爱,虐恋,女主是一名年轻的设计师，因一场意外被男主的未婚妻误认为是情敌，男主对她产生误解，开始冷酷对待女主。女主身世复杂，父母早逝，被迫在这个冷酷的世界中挣扎求生。随着故事的发展，男主发现女主并非他想象中的那样，内心开始动摇，但他依然被未婚妻的强势和家庭压力所束缚，无法坦诚自己的感情。最终，女主因病住院，男主才意识到自己对她的真实感情，后悔不已，但女主已决心离开，选择了自我救赎。,男主：高冷的企业继承人，外表冷酷，内心复杂，受到未婚妻的操控。女主：坚韧的设计师，身世凄惨，内心柔软但不屈服。男二：女主的同事，对她暗恋，默默支持她。女二：男主的未婚妻，强势且自私，制造误会和压力。,在一次设计比赛中，女主的作品被评委赞赏，而男主却误以为是男二的支持使她获胜，心中嫉妒不已，决定展开报复，却不知真相即将浮出水面。,,不通过,通过,通过,
277,契约的爱，心动的瞬间,甜宠,女主是一名普通的设计师，因公司破产而面临巨额债务。为了偿还债务，她不得不与高冷总裁男主签订一份假结婚的契约。男主表面上冷漠无情，实际上暗中关心女主，逐渐被她的坚韧和才华吸引。在假结婚的过程中，两人经历了种种考验，从最初的互不信任到慢慢依赖，最终彼此产生了真挚的感情。然而，女主的继母和渣男友不断给她施压，试图破坏她与男主的关系。主角主要目的：女主如何在面对压力的同时，赢得男主的心。,男主：高冷总裁，外表冷酷但内心温暖，暗中守护女主，擅长商业策略；女主：坚韧独立的设计师，勇敢面对生活的挑战，不轻易妥协；女二：女主的继母，心机重重，企图夺走女主的财产和幸福。,在一次公司晚会上，男主为女主精心准备了惊喜，意外揭露了女主的设计才华，令所有人刮目相看，而女主的继母在一旁暗自窃喜，似乎有阴谋在酝酿中。,,通过,通过,不通过,
278,《错位人生》,虐恋,女主是一个坚韧的孤儿，努力在职场上打拼，却因一次意外与男主相识。男主是一个冷酷的富豪，因父母的压力与未婚妻的存在，对女主态度冷淡，甚至在某些情况下羞辱她。女主对男主暗恋已久，却不知男主心中隐藏的痛苦与挣扎。男主因误会认为女主与男二有暧昧关系，开始对她施加压力，而实际上，男主心中对女主的爱意在不断升温。随着故事的发展，女主发现自己怀孕，但男主却因误会而更加冷漠。最终，男主即将知道真相，后悔自己对女主所作所为。,男主：冷酷的权贵，内心深处对女主有着无法承认的爱；女主：美丽坚韧的孤儿，经历了诸多磨难却依然不屈不挠；男二：温柔体贴的同事，默默支持女主，男主对他产生误会；女二：男主的未婚妻，给女主带来压力，试图拆散男女主。,男主即将得知女主怀孕的消息，而此时他误会女主与男二的关系，内心充满了愤怒与嫉妒，故事的反转即将揭晓。,,不通过,通过,通过,
279,契约之恋,甜宠,女主是一个普通的设计师，因继母的逼迫而面临失业和生活困境。恰巧遇到男主，一位年轻有为的总裁，他对女主一见倾心。为了帮助女主解决生活问题，男主提出契约恋爱，两人开始了一段既真实又虚假的感情。在这个过程中，女主逐渐感受到男主的温暖和关心，而男主也被女主的坚强与独立所吸引。随着契约关系的深入，男主的身份被女主逐渐揭晓，而她也在男主的帮助下，勇敢地面对继母和生活的压力。最后，两人终于打破了阶级的界限，携手共度难关。,男主：年轻总裁，外表冷酷内心温柔，身世显赫但性格低调，默默守护女主。女主：独立坚强的设计师，努力追求梦想，拒绝被动接受宠爱，勇敢面对生活的挑战。男二：女主的渣男友，表面温柔实则心机，试图利用女主的弱点。女二：男主的青梅竹马，心机深沉，想要破坏男主和女主的关系。,一卡：女主在一次设计比赛中被渣男友陷害，面临失去参赛资格的危机，男主及时出现，帮助女主揭穿渣男，保护了她的梦想。,,不通过,通过,通过,
280,契约恋爱，心动瞬间,甜宠,女主是一名普通的职场新人，因家庭变故而陷入经济困境，继母和继妹的逼迫让她感到无助。男主是一位高冷总裁，外表冷酷但内心柔软。为了帮助女主解决经济问题，男主提出假结婚的契约，表面上是为了帮助女主，实际上他在慢慢被女主的坚强与独立吸引。随着时间的推移，两人之间的感情从契约变得真实，最终携手面对生活的挑战。,女主：坚强独立的职场新人，虽然生活艰难但不屈服，渴望爱情与自由。男主：高冷总裁，外表冷酷，内心温柔，善于保护和守护。女配：心机继妹，妒忌女主的独立与魅力，时常制造麻烦。,在一次公司晚会上，女主被继妹当众羞辱，正当她感到绝望时，男主挺身而出，宣布两人的假结婚关系，令全场哗然。女主惊愕不已，心中涌起复杂的情感，观众也因此对后续的发展充满期待。,,不通过,通过,通过,
281,错位的爱恋,虐恋,女主身世凄惨，自幼孤儿，努力打拼却总是遭遇不公。她暗恋男主，一个冷酷的权贵，表面上男主对她不屑一顾，甚至对她进行羞辱与囚禁，实则男主心中暗藏对女主的爱意，却因家族的压力和未婚妻的存在无法承认。男二是女主的朋友，对她关怀备至，男主误会他们之间有关系，心中嫉妒。女主在一次意外中发现自己怀孕，决定隐瞒男主，最终在命运的捉弄下，男主逐渐意识到自己的感情，却为时已晚，女主的绝症让一切变得更加痛苦。,女主：坚韧不屈的孤儿，聪慧美丽，努力追求自己的梦想；男主：疯批权贵，外冷内热，因家族原因无法对女主表白；男二：温柔体贴的好朋友，暗恋女主，成为男主的情敌；女二：男主的未婚妻，心机重重，给女主造成巨大压力。,一卡：女主在病床上昏迷，男主在得知她的病情后痛苦不已，终于意识到自己对她的真实感情，但却为时已晚，女主的生命即将走到尽头。,,不通过,通过,通过,
